NEXT_PTS,NEXT_AST,NEXT_REB,NEXT_BLK,NEXT_STL,NEXT_TOV,NEXT_MIN,NEXT_FG3M,NEXT_FGA,NEXT_FTA,NEXT_FG_PCT,NEXT_FT_PCT
30.3,6.2,8.2,1.1,1.3,3.5,37.2,2.9,21.8,6.0,0.524,0.756
28.9,6.8,8.3,0.6,0.9,3.2,35.5,2.2,22.2,5.9,0.5,0.768
25.7,8.3,7.3,0.5,1.3,3.5,35.3,2.1,17.9,5.7,0.54,0.75
14.7,10.8,4.4,0.3,1.9,2.4,32.9,1.0,11.3,3.1,0.493,0.837
13.9,8.9,4.3,0.4,1.5,1.9,32.0,1.7,11.3,2.7,0.44,0.831
9.2,6.8,3.9,0.1,1.2,1.3,26.4,1.3,8.1,0.9,0.441,0.827
13.4,7.5,4.5,0.3,1.1,2.7,33.9,2.3,10.0,2.8,0.44,0.851
11.2,5.1,4.1,0.4,1.0,1.9,31.2,1.9,8.8,2.5,0.404,0.859
8.1,4.2,3.2,0.4,1.0,1.4,28.2,1.6,6.3,1.3,0.432,0.84
7.6,2.1,5.5,0.2,0.8,0.9,27.9,1.1,6.0,0.9,0.484,0.738
3.5,0.8,3.9,0.2,0.5,0.6,25.6,0.7,3.0,0.3,0.427,0.826
1.7,0.5,2.7,0.2,0.5,0.3,15.7,0.4,1.6,0.1,0.36,1.0
29.9,6.4,7.4,0.9,0.9,3.5,37.2,2.1,20.3,7.4,0.518,0.91
29.1,5.0,6.7,1.4,0.7,3.3,35.6,2.0,18.3,7.1,0.56,0.919
27.1,5.0,6.6,1.2,0.9,3.3,37.2,2.2,19.1,5.6,0.523,0.856
10.2,3.4,7.7,1.3,0.7,0.9,29.1,1.3,8.2,1.4,0.467,0.842
9.8,3.0,6.2,1.0,0.5,0.6,30.5,2.3,7.6,0.3,0.476,0.714
8.6,2.6,6.4,1.0,0.6,0.7,26.8,1.7,6.4,0.5,0.511,0.867
13.7,5.3,3.0,0.3,1.3,1.7,28.6,2.3,11.0,2.3,0.435,0.796
11.9,6.7,2.7,0.2,1.1,1.5,30.3,2.0,9.1,2.5,0.428,0.834
11.4,5.9,2.9,0.2,1.2,1.3,28.9,2.4,8.5,1.5,0.457,0.911
10.3,1.3,3.1,0.4,0.4,0.9,24.7,0.7,7.1,2.6,0.524,0.833
7.8,1.2,2.6,0.3,0.3,0.8,19.5,0.5,5.9,2.1,0.488,0.744
6.5,0.9,2.3,0.4,0.2,0.6,16.8,0.7,4.7,1.9,0.456,0.819
18.5,7.1,7.4,0.3,1.0,3.8,34.3,1.0,15.8,5.1,0.444,0.667
15.9,7.5,5.8,0.5,1.0,3.5,29.1,1.2,13.6,4.3,0.436,0.656
11.1,4.5,5.0,0.3,1.1,2.1,22.5,0.6,9.8,2.4,0.454,0.688
13.6,2.2,7.2,0.2,0.4,1.3,22.5,2.5,10.3,2.7,0.43,0.838
8.2,1.9,6.4,0.2,0.3,1.1,20.0,1.6,6.8,1.5,0.389,0.879
8.8,2.1,6.1,0.2,0.3,0.9,16.8,1.5,6.5,2.0,0.44,0.787
13.4,2.7,2.0,0.3,0.5,1.9,29.3,2.2,9.9,2.4,0.475,0.778
12.4,2.7,1.9,0.4,0.6,1.5,28.5,1.9,9.5,2.5,0.446,0.821
11.0,2.0,1.8,0.4,1.0,1.1,27.8,2.2,9.1,0.9,0.443,0.797
12.4,0.5,4.1,1.2,0.6,0.9,23.0,1.5,10.1,1.8,0.466,0.87
15.9,1.3,6.7,2.5,0.5,1.4,30.4,1.7,11.5,2.4,0.531,0.784
12.5,1.6,5.2,2.4,0.5,1.0,30.5,1.9,9.6,1.7,0.485,0.821
8.3,1.7,4.3,0.7,1.0,0.7,24.8,1.8,6.6,0.6,0.463,0.658
6.1,1.6,3.8,0.6,0.7,0.6,21.9,1.6,4.9,0.6,0.42,0.708
5.3,2.1,4.1,0.6,0.8,0.7,25.5,1.2,4.3,0.4,0.453,0.714
4.3,0.4,5.5,0.7,0.3,0.8,13.0,0.0,3.0,0.8,0.643,0.55
5.1,0.9,5.2,0.6,0.3,1.2,15.0,0.0,2.9,1.2,0.765,0.458
3.9,0.7,4.4,0.4,0.2,0.6,11.0,0.0,2.6,1.5,0.624,0.491
22.0,10.3,7.7,0.6,1.3,4.4,37.2,2.3,15.3,8.2,0.41,0.877
21.0,10.7,6.1,0.5,1.2,3.4,36.8,2.8,14.5,6.2,0.441,0.867
16.6,8.5,5.1,0.8,1.1,2.6,34.3,2.6,11.4,4.8,0.428,0.878
25.5,6.3,5.2,0.4,1.3,3.2,34.5,4.5,19.1,4.7,0.437,0.923
29.4,6.3,6.1,0.4,0.9,3.2,34.7,4.9,20.2,5.0,0.493,0.915
26.4,5.1,4.5,0.4,0.7,2.8,32.7,4.8,19.5,4.4,0.45,0.923
27.9,4.9,5.2,0.3,0.9,2.4,36.1,0.7,20.2,7.8,0.504,0.877
24.5,5.1,4.6,0.5,1.1,2.1,36.2,0.6,17.6,7.1,0.504,0.872
24.0,5.3,4.3,0.6,1.1,1.7,37.8,0.9,17.2,7.7,0.48,0.853
5.5,2.1,3.5,0.5,0.5,0.8,19.2,0.4,5.0,0.9,0.469,0.527
2.8,0.8,1.7,0.3,0.4,0.4,9.0,0.2,2.7,0.4,0.449,0.5
0.7,0.3,0.5,0.2,0.0,0.3,3.1,0.0,0.9,0.1,0.364,0.0
18.3,6.8,4.5,0.4,1.6,2.7,32.9,2.0,14.2,2.7,0.501,0.761
19.3,7.4,5.1,0.4,1.2,2.9,32.6,2.4,15.3,2.6,0.479,0.859
12.5,4.8,5.4,0.8,0.9,1.8,32.8,2.0,10.0,1.0,0.48,0.833
4.4,0.6,4.4,0.8,0.4,0.5,18.2,0.3,3.2,1.0,0.518,0.808
3.4,0.7,1.9,0.2,0.3,0.5,9.8,0.2,2.6,0.9,0.52,0.714
1.7,0.6,1.9,0.4,0.2,0.3,10.2,0.1,1.9,0.1,0.405,1.0
11.4,2.3,1.9,0.2,0.6,0.9,29.0,2.8,9.8,0.7,0.408,0.814
6.2,1.4,1.1,0.1,0.4,0.8,14.2,1.2,5.2,0.8,0.411,0.833
4.0,1.1,1.1,0.0,0.6,0.5,13.0,0.8,4.1,0.3,0.351,1.0
5.2,1.3,2.4,0.4,0.7,0.7,18.6,1.0,5.0,0.7,0.376,0.683
2.0,0.5,0.7,0.1,0.4,0.2,6.5,0.4,1.8,0.2,0.4,0.75
3.3,1.0,1.7,0.1,0.4,0.5,10.7,0.4,2.9,0.8,0.372,0.818
24.3,5.7,6.9,0.4,2.2,4.1,34.8,2.9,20.5,4.8,0.421,0.858
23.8,5.1,6.1,0.4,1.5,3.1,34.6,2.8,17.9,5.3,0.457,0.871
22.6,3.5,5.2,0.5,1.5,2.1,33.8,3.3,16.7,3.9,0.471,0.907
27.4,5.8,4.4,0.6,1.4,2.5,37.6,3.4,21.2,4.4,0.469,0.915
27.1,5.5,5.1,0.8,1.1,2.1,37.3,3.1,20.1,4.6,0.494,0.905
25.6,5.2,5.0,0.5,1.3,1.8,35.0,3.0,19.5,3.6,0.497,0.905
6.0,0.6,5.1,0.4,0.4,0.8,15.7,0.0,4.7,2.0,0.528,0.526
3.3,1.0,3.6,0.3,0.2,0.6,11.2,0.0,2.4,1.1,0.613,0.288
17.8,2.6,11.4,0.8,0.6,2.4,30.3,0.8,12.7,3.9,0.544,0.82
14.1,1.8,10.2,0.7,0.3,2.0,24.9,0.5,10.3,2.8,0.547,0.826
12.2,2.1,8.8,0.8,0.4,1.4,23.5,0.5,8.8,2.5,0.559,0.785
5.8,0.6,4.6,0.7,0.3,0.7,14.1,0.0,4.0,2.0,0.593,0.535
4.3,0.9,4.3,1.4,0.3,0.8,14.3,0.0,3.4,1.1,0.578,0.357
4.4,1.3,5.2,0.9,0.3,1.1,19.8,0.0,3.3,1.4,0.565,0.481
21.9,2.4,4.1,0.4,0.7,1.8,33.0,4.4,18.1,1.9,0.436,0.879
17.9,2.3,3.3,0.5,0.6,1.5,29.7,3.5,14.7,1.8,0.432,0.927
11.7,3.0,4.9,0.3,1.0,1.1,28.6,1.9,9.0,3.3,0.391,0.822
12.8,2.2,3.1,0.2,0.7,1.1,22.0,1.9,9.0,3.7,0.436,0.814
10.4,1.3,2.3,0.2,0.4,0.7,18.4,1.9,8.6,2.5,0.369,0.868
7.6,1.4,2.6,0.1,0.4,1.2,17.5,0.8,6.7,0.5,0.474,0.889
3.8,0.9,2.0,0.1,0.3,0.5,10.1,0.8,3.3,0.3,0.409,1.0
2.5,0.6,1.5,0.1,0.2,0.5,8.3,0.6,2.6,0.2,0.338,0.833
23.8,3.9,6.5,0.5,1.4,1.7,33.6,2.0,16.8,5.4,0.512,0.871
23.7,3.6,6.1,0.9,1.6,1.8,34.3,2.1,17.1,4.2,0.525,0.885
17.6,3.2,11.0,1.0,1.0,1.9,33.1,1.4,15.8,1.7,0.473,0.76
17.6,3.2,11.0,0.7,0.7,1.7,33.5,1.5,14.0,1.9,0.52,0.835
18.0,3.3,10.5,0.8,0.7,1.6,34.3,1.2,15.9,1.7,0.484,0.822
17.2,3.5,6.8,0.6,0.6,1.6,34.8,1.4,14.0,2.8,0.482,0.842
14.7,2.5,5.7,0.5,0.9,1.2,32.9,1.7,11.4,1.7,0.501,0.876
17.2,3.1,6.5,0.7,1.0,1.3,33.8,1.3,13.6,3.0,0.487,0.878
16.8,4.8,3.6,0.2,0.7,2.3,31.2,2.2,16.3,2.2,0.392,0.847
10.2,3.4,2.1,0.1,0.7,1.7,24.4,1.4,9.4,1.1,0.411,0.91
10.2,3.8,1.9,0.1,0.5,1.3,22.2,1.2,9.2,1.2,0.431,0.806
8.0,3.6,2.7,0.3,0.6,1.3,24.6,1.0,6.2,1.7,0.445,0.885
6.9,3.5,1.7,0.1,0.5,0.9,19.8,1.1,5.7,1.2,0.427,0.792
2.4,1.6,1.2,0.1,0.2,0.5,11.4,0.5,2.5,0.3,0.359,0.571
21.4,5.5,5.9,0.5,1.6,2.1,33.9,0.5,14.5,8.0,0.48,0.87
22.9,5.3,5.9,0.3,1.8,1.6,33.4,0.6,13.9,8.7,0.539,0.85
20.8,5.0,5.3,0.3,1.3,1.7,34.0,1.0,13.2,7.7,0.499,0.858
23.2,3.1,9.9,2.3,1.2,2.1,35.1,0.3,17.4,6.1,0.532,0.713
25.9,2.6,12.5,2.0,1.1,2.2,34.0,0.3,17.2,7.9,0.563,0.784
24.7,3.5,12.6,2.3,1.2,2.1,35.5,0.4,16.9,6.8,0.556,0.816
23.2,6.6,4.7,0.4,0.9,3.4,36.0,1.6,19.3,5.1,0.451,0.833
23.2,5.4,3.9,0.7,0.9,2.9,33.5,1.6,17.6,4.6,0.506,0.842
18.2,5.0,4.4,0.5,1.0,2.5,33.3,1.9,13.9,2.5,0.513,0.813
24.0,7.3,4.1,0.4,0.6,2.9,36.4,3.2,19.0,6.2,0.402,0.878
32.2,7.3,4.8,0.3,0.9,3.3,36.3,4.2,20.7,9.6,0.463,0.914
24.3,7.0,4.4,0.2,1.0,2.6,35.3,3.0,17.5,7.0,0.424,0.92
7.9,1.8,9.3,0.9,1.1,1.6,19.7,0.0,5.9,2.2,0.57,0.524
6.0,0.5,6.6,0.4,0.7,1.1,12.7,0.0,4.1,1.9,0.606,0.536
8.4,0.5,9.0,0.6,0.9,1.0,17.1,0.0,6.1,2.8,0.556,0.592
16.4,2.4,5.6,0.2,0.7,1.5,33.6,1.8,10.8,5.4,0.469,0.826
15.0,1.6,4.5,0.1,0.7,1.0,32.5,1.6,9.6,5.0,0.473,0.847
12.2,1.2,3.0,0.1,0.7,0.7,29.0,1.8,8.9,2.4,0.474,0.801
9.4,1.9,5.3,0.4,1.4,0.8,28.1,1.9,8.1,1.3,0.399,0.789
6.9,1.5,3.8,0.3,0.7,0.4,18.9,1.3,5.2,0.7,0.479,0.833
6.2,1.3,3.2,0.2,0.8,0.5,23.1,1.2,5.4,0.7,0.422,0.722
7.5,7.0,7.3,1.1,1.3,3.0,28.9,0.3,5.6,2.0,0.525,0.659
8.5,6.8,7.2,0.8,1.0,2.8,31.5,0.5,6.5,1.5,0.527,0.713
8.6,6.0,7.2,0.9,1.0,2.5,27.1,0.9,6.8,1.3,0.497,0.73
20.1,5.4,5.4,0.3,1.2,2.9,32.4,2.5,15.5,4.4,0.443,0.89
15.1,4.9,4.2,0.2,0.7,2.2,24.3,1.5,12.3,3.1,0.436,0.902
15.1,5.3,4.7,0.3,0.9,2.3,27.0,1.7,11.7,2.2,0.493,0.833
6.0,1.2,4.1,0.6,0.3,1.1,15.9,0.2,4.5,1.6,0.534,0.651
1.7,0.5,2.3,0.4,0.2,0.6,6.2,0.0,1.2,0.6,0.533,0.688
2.5,1.0,2.7,0.7,0.2,0.6,9.3,0.0,1.7,0.7,0.617,0.588
22.1,5.1,4.3,0.4,1.1,2.0,34.6,2.9,18.8,2.7,0.46,0.682
20.9,5.7,4.4,0.5,0.9,2.4,35.3,2.8,17.9,3.2,0.437,0.769
20.0,4.6,4.3,0.6,0.9,1.7,32.7,3.6,16.0,2.1,0.459,0.827
13.5,4.6,3.3,0.1,0.8,2.2,28.7,1.3,11.3,2.9,0.431,0.853
12.6,4.5,2.5,0.2,0.8,1.7,30.1,1.1,9.8,3.8,0.415,0.857
14.0,6.1,3.0,0.2,0.8,1.9,31.1,1.7,11.6,2.7,0.435,0.836
9.1,2.8,4.4,0.5,0.8,1.5,19.1,1.0,7.2,2.2,0.448,0.775
12.5,3.7,6.2,0.5,0.9,2.5,28.6,1.4,8.2,3.4,0.499,0.853
9.8,4.4,5.3,0.4,0.9,1.9,22.5,0.8,6.4,2.3,0.555,0.833
13.2,1.9,3.4,0.3,1.1,1.3,30.2,2.1,10.8,2.0,0.435,0.89
10.8,2.4,2.7,0.5,1.5,1.1,31.3,1.8,8.3,1.6,0.462,0.824
10.1,2.4,2.4,0.6,1.3,1.0,31.6,1.6,7.7,1.5,0.46,0.894
6.5,3.1,7.7,0.7,0.8,1.4,24.6,0.0,4.4,2.3,0.641,0.392
10.8,3.1,8.9,0.6,0.6,1.5,26.0,0.0,6.1,4.0,0.68,0.636
5.3,1.2,5.1,0.4,0.3,0.8,14.7,0.0,3.3,2.2,0.569,0.707
15.6,1.1,14.7,2.1,0.7,1.8,32.1,0.0,7.7,6.7,0.713,0.69
13.4,1.2,11.6,1.4,0.8,1.7,30.7,0.0,7.8,4.9,0.659,0.644
14.0,1.3,12.9,2.1,0.7,1.6,34.1,0.0,8.1,5.1,0.661,0.638
6.9,3.4,10.0,0.8,0.9,1.5,26.3,0.0,5.1,2.6,0.547,0.543
8.6,2.3,11.5,1.1,0.9,1.9,27.0,0.0,6.3,3.1,0.597,0.364
3.9,1.1,5.6,0.5,0.4,0.9,13.7,0.0,2.9,1.6,0.545,0.462
14.2,2.2,3.7,0.1,0.9,0.8,29.6,2.4,12.6,2.5,0.394,0.757
14.4,1.8,3.5,0.2,0.7,0.8,30.3,3.0,11.9,2.3,0.401,0.77
14.4,1.8,3.2,0.1,0.5,0.9,26.8,2.7,12.4,2.1,0.402,0.852
29.9,5.8,11.6,1.4,1.1,3.3,32.9,1.1,18.6,11.4,0.553,0.722
31.1,5.7,11.8,0.8,0.8,3.9,32.1,0.7,20.3,12.3,0.553,0.645
30.4,6.5,11.5,1.1,1.2,3.4,35.2,0.5,18.8,10.7,0.611,0.657
15.0,3.6,3.1,0.2,0.8,1.7,33.3,2.5,11.5,1.5,0.487,0.872
9.2,1.6,1.6,0.1,0.6,0.8,19.8,1.5,7.4,0.9,0.463,0.927
5.1,1.0,1.5,0.1,0.5,0.5,14.0,0.9,4.6,0.7,0.392,0.903
24.4,4.5,4.6,0.3,0.6,2.6,34.7,2.8,17.7,5.6,0.476,0.853
24.8,4.2,4.5,0.2,0.9,2.5,35.9,2.6,18.0,5.6,0.485,0.848
19.5,3.9,5.2,0.3,0.8,2.1,34.9,2.4,15.0,4.1,0.452,0.854
3.0,2.0,1.8,0.1,0.5,0.9,11.0,0.1,3.5,0.6,0.383,0.375
3.5,6.9,3.3,0.5,1.0,2.5,21.3,0.0,5.1,0.3,0.328,0.571
16.0,2.5,3.5,0.2,0.8,1.6,27.1,2.4,14.1,2.2,0.419,0.828
20.8,4.4,4.0,0.2,0.5,3.0,32.6,2.5,16.9,4.0,0.444,0.816
17.1,5.0,3.4,0.1,0.6,2.7,30.6,1.7,14.8,3.7,0.413,0.881
11.1,1.8,2.0,0.1,1.0,1.0,28.4,1.9,9.1,1.6,0.434,0.874
8.3,1.2,2.0,0.3,0.9,0.6,24.7,2.0,6.4,0.6,0.45,0.9
6.9,1.6,1.7,0.3,0.9,0.6,24.0,1.4,5.5,0.8,0.441,0.756
17.3,6.5,3.4,0.3,0.8,1.8,34.5,2.3,13.3,4.2,0.438,0.812
10.5,4.7,2.7,0.3,0.7,1.2,28.3,1.6,8.4,2.8,0.392,0.805
19.2,2.4,4.1,1.0,0.9,1.8,31.9,1.9,14.9,5.5,0.426,0.838
20.5,2.4,4.5,0.8,0.8,1.8,35.6,2.3,14.5,5.4,0.475,0.813
21.0,2.8,3.5,0.6,0.8,2.1,33.9,2.1,15.7,5.8,0.451,0.817
11.3,1.3,2.3,0.1,0.3,0.8,24.0,2.1,9.1,1.0,0.462,0.784
10.2,1.4,2.2,0.1,0.2,0.9,20.5,1.9,8.2,1.1,0.457,0.757
5.5,1.1,0.9,0.0,0.3,0.4,14.1,1.5,4.4,0.3,0.433,0.579
15.0,2.5,5.9,0.6,0.6,1.8,31.7,1.2,11.1,3.1,0.52,0.743
16.3,3.0,6.6,0.8,0.8,1.4,30.2,0.9,11.2,4.6,0.564,0.608
13.9,3.5,6.5,0.6,0.8,1.4,31.5,0.5,9.8,3.7,0.556,0.658
12.1,5.9,3.8,0.3,1.7,2.2,32.3,1.7,10.1,2.5,0.418,0.793
11.5,6.3,3.1,0.4,1.5,2.3,32.1,1.9,9.9,1.9,0.415,0.746
14.5,4.3,2.7,0.3,2.1,3.1,30.2,2.1,11.9,2.8,0.43,0.768
7.6,2.7,5.3,0.7,1.1,1.0,21.5,0.5,6.8,1.5,0.446,0.638
9.4,4.9,5.3,0.9,1.1,1.5,28.4,0.6,7.2,2.0,0.509,0.735
6.4,4.2,3.5,0.6,0.9,1.2,22.6,0.1,5.5,1.7,0.46,0.708
8.7,1.2,4.9,0.5,0.5,0.8,21.9,0.2,4.9,2.6,0.671,0.783
6.7,0.9,4.1,0.3,0.6,0.9,19.2,0.0,3.5,2.2,0.732,0.667
3.3,1.3,3.4,0.3,0.4,0.5,13.3,0.0,1.7,1.4,0.679,0.708
20.1,5.1,9.9,0.5,0.7,3.4,35.3,1.7,17.3,5.6,0.411,0.756
25.1,4.1,10.0,0.3,0.6,2.8,35.5,2.8,18.6,6.9,0.459,0.757
24.0,5.0,9.2,0.3,0.5,3.5,35.4,1.7,18.2,6.6,0.472,0.781
17.2,2.2,4.5,0.7,1.0,1.5,31.9,2.2,14.0,3.2,0.466,0.634
17.1,2.3,5.0,0.8,1.2,1.3,32.2,2.4,14.3,1.9,0.473,0.611
13.2,1.7,4.5,0.6,0.6,1.2,27.0,1.3,11.0,2.7,0.453,0.751
30.6,4.2,11.7,1.5,1.1,3.1,33.8,1.4,19.6,11.8,0.499,0.814
33.1,4.2,10.2,1.7,1.0,3.4,34.6,1.0,20.1,11.7,0.548,0.857
34.7,5.6,11.0,1.7,1.2,3.8,33.6,1.4,21.8,11.6,0.529,0.883
6.4,1.3,3.6,0.1,0.4,1.0,14.1,0.8,4.9,1.3,0.458,0.829
8.0,2.3,4.4,0.2,0.5,1.2,17.2,1.2,6.1,1.5,0.466,0.849
11.1,1.2,11.9,1.3,0.7,0.6,27.6,0.0,8.2,2.3,0.613,0.473
12.0,0.9,11.0,1.2,0.7,0.8,26.6,0.0,8.2,2.0,0.653,0.603
11.5,1.2,10.6,1.5,0.6,1.0,25.8,0.0,8.5,2.8,0.571,0.631
15.1,3.1,4.0,0.2,1.1,1.1,29.3,2.7,12.6,1.8,0.431,0.843
14.0,2.8,3.1,0.3,0.8,1.2,27.9,2.7,11.3,1.4,0.447,0.831
16.9,3.1,3.4,0.3,1.2,1.4,30.4,3.0,13.9,2.1,0.428,0.921
15.0,2.8,11.1,0.6,1.1,2.6,28.2,0.3,10.7,4.8,0.535,0.69
13.3,2.9,9.1,0.8,0.8,2.3,26.8,0.8,9.7,3.7,0.519,0.661
10.9,4.0,11.0,1.1,1.1,2.3,27.3,0.3,8.3,3.4,0.51,0.64
27.1,7.9,13.8,0.9,1.5,3.8,33.5,1.3,17.7,6.3,0.583,0.81
24.5,9.8,11.8,0.7,1.3,3.6,33.7,0.8,14.8,6.0,0.632,0.822
26.4,9.0,12.4,0.9,1.4,3.0,34.6,1.1,17.9,5.5,0.583,0.817
20.2,2.3,8.1,1.6,0.7,1.6,29.0,1.5,15.0,5.6,0.459,0.867
23.2,2.7,8.4,1.5,0.9,2.1,32.6,2.1,15.7,6.4,0.498,0.851
20.1,2.0,7.2,1.9,0.7,1.6,29.6,1.9,13.2,5.3,0.516,0.858
7.2,3.5,2.9,0.1,0.5,1.0,24.9,1.7,6.3,0.5,0.404,0.773
6.9,3.3,2.8,0.1,0.7,1.2,22.7,1.8,5.4,0.5,0.435,0.857
4.4,3.0,2.1,0.1,0.6,1.0,17.2,1.0,3.3,0.5,0.436,0.824
8.5,4.9,3.3,0.4,1.1,1.1,24.2,0.4,7.7,0.9,0.481,0.826
8.7,5.3,3.1,0.1,1.1,1.9,20.4,0.3,6.9,0.9,0.543,0.853
10.2,5.5,2.7,0.1,1.0,1.5,18.2,0.3,8.4,0.9,0.556,0.79
8.7,4.4,2.4,0.0,0.9,0.6,21.2,1.1,7.6,0.9,0.451,0.818
10.3,5.2,2.5,0.1,1.0,0.9,24.2,1.5,8.9,1.2,0.438,0.806
12.0,7.3,2.7,0.3,1.1,1.0,29.3,1.6,10.1,0.6,0.489,0.8
4.4,2.4,2.9,0.2,1.2,0.6,18.9,0.6,3.5,0.8,0.454,0.857
7.4,3.9,3.6,0.3,1.8,0.9,24.4,0.8,5.8,1.2,0.474,0.867
4.5,2.5,1.8,0.2,1.1,0.3,15.8,0.5,4.0,1.0,0.394,0.822
18.1,7.1,3.3,0.3,1.0,2.5,31.9,2.7,15.0,3.7,0.411,0.825
17.8,6.2,3.0,0.4,1.0,2.6,32.5,2.7,13.4,3.0,0.469,0.829
18.0,6.3,3.1,0.5,0.9,2.1,32.7,3.0,14.2,2.5,0.456,0.828
24.6,3.6,9.8,1.1,1.0,3.1,33.5,2.0,16.4,6.3,0.529,0.822
20.8,4.8,8.1,0.6,0.7,3.0,33.0,2.1,14.8,4.7,0.495,0.874
21.8,3.0,8.3,0.7,0.7,2.9,32.7,2.2,15.3,4.7,0.504,0.873
10.4,1.1,7.0,0.9,0.4,1.2,23.9,0.0,6.7,2.0,0.66,0.778
3.1,0.2,1.9,0.3,0.1,0.3,8.3,0.1,2.1,0.5,0.618,0.789
5.0,0.6,4.6,0.5,0.3,0.6,13.9,0.0,3.7,1.2,0.558,0.723
15.0,1.1,4.0,0.4,1.0,0.9,26.3,2.5,12.3,2.5,0.44,0.667
20.3,1.1,5.2,0.4,1.4,1.3,32.2,2.3,17.1,4.3,0.431,0.76
15.4,1.5,5.0,0.7,1.1,1.3,30.2,1.5,12.9,3.4,0.441,0.75
26.8,4.8,5.0,0.4,1.1,2.4,34.5,2.7,20.9,5.3,0.466,0.868
27.8,5.5,4.5,0.3,1.0,2.7,34.6,2.1,20.1,6.8,0.494,0.855
27.1,6.9,4.5,0.4,0.9,2.6,36.0,2.2,19.2,6.7,0.492,0.886
10.8,4.9,3.0,0.3,0.7,1.8,22.0,1.2,10.1,1.5,0.409,0.843
10.3,4.5,2.2,0.2,0.7,1.7,20.2,1.4,9.4,1.3,0.415,0.766
7.4,2.6,1.5,0.1,0.5,0.8,16.7,1.3,6.2,0.9,0.432,0.866
12.9,1.0,7.1,2.8,0.7,1.3,29.4,1.5,9.4,2.5,0.509,0.752
18.0,1.4,7.5,2.3,0.6,1.7,29.4,1.5,11.8,4.5,0.548,0.783
17.1,1.3,6.9,1.9,0.5,1.4,27.0,1.5,11.8,4.1,0.524,0.773
10.5,1.2,5.1,0.4,0.4,1.0,20.5,0.9,7.5,3.2,0.466,0.802
7.6,0.9,4.1,0.4,0.4,0.9,16.9,1.2,5.5,1.7,0.458,0.815
7.2,1.2,4.4,0.3,0.3,0.7,20.0,1.4,5.5,1.2,0.445,0.7
14.6,1.2,9.1,0.7,0.7,1.3,28.2,1.8,12.1,1.6,0.479,0.752
14.1,1.5,9.6,0.2,0.4,1.2,26.0,1.4,11.5,1.8,0.496,0.768
13.8,1.3,7.4,0.4,0.8,1.1,24.5,1.2,11.2,1.5,0.508,0.79
6.0,2.0,7.3,0.6,0.6,0.8,21.1,0.0,4.4,1.5,0.571,0.6
7.0,2.5,9.3,0.6,0.6,0.5,23.9,0.0,4.7,1.9,0.63,0.606
4.5,1.8,5.7,0.4,0.4,0.7,16.1,0.0,3.1,1.1,0.597,0.675
19.3,4.5,4.3,0.3,1.3,1.3,33.7,3.0,16.0,2.4,0.444,0.852
21.1,5.1,4.1,0.3,1.2,2.1,35.3,2.6,18.9,3.5,0.415,0.809
19.8,5.6,4.0,0.3,1.0,1.7,33.4,2.4,16.4,3.2,0.443,0.869
19.0,2.1,3.2,0.5,0.9,1.5,32.4,2.4,13.4,5.2,0.461,0.811
17.0,1.8,2.9,0.3,0.8,1.7,26.1,1.9,11.8,4.6,0.479,0.812
13.9,1.1,2.6,0.3,0.6,0.9,26.2,2.2,10.1,2.3,0.486,0.831
9.9,1.3,4.2,0.2,0.9,0.5,26.0,2.2,7.6,0.8,0.458,0.833
7.6,1.3,4.6,0.2,0.6,0.5,23.7,1.8,6.9,0.7,0.392,0.659
5.6,2.1,3.1,0.3,0.5,0.6,22.1,1.1,4.6,0.8,0.435,0.759
10.2,1.8,2.8,0.4,0.9,1.0,24.6,1.6,8.2,1.7,0.438,0.889
10.1,2.7,2.7,0.3,1.1,1.3,23.5,1.6,8.5,1.2,0.431,0.852
9.9,2.4,2.8,0.3,0.6,0.8,25.6,1.5,8.1,1.3,0.444,0.944
7.0,1.8,5.4,0.4,0.9,0.8,22.6,0.5,5.4,1.2,0.522,0.702
6.8,1.8,5.4,0.6,0.9,0.6,21.2,0.2,4.7,1.2,0.61,0.696
5.7,1.9,5.0,0.3,1.0,0.8,19.9,0.4,4.0,1.0,0.573,0.77
7.4,2.5,4.8,0.4,1.1,1.0,31.2,1.5,5.8,0.7,0.457,0.804
8.8,3.7,5.1,0.6,0.9,1.5,31.7,2.1,7.8,0.9,0.386,0.725
7.7,2.8,4.8,0.6,0.7,0.9,24.7,2.0,6.8,0.4,0.397,0.686
6.9,6.1,6.3,0.6,1.3,2.3,26.3,0.0,5.6,1.4,0.566,0.439
6.1,5.7,7.9,0.6,0.8,1.8,23.9,0.0,4.9,1.0,0.581,0.4
18.9,5.2,12.1,0.4,1.0,3.1,34.4,0.6,12.5,5.4,0.573,0.741
19.1,7.3,12.3,0.5,0.8,2.9,34.6,0.4,11.9,5.5,0.615,0.742
19.4,8.2,13.7,0.6,0.9,3.3,35.7,0.4,13.0,5.1,0.594,0.704
12.1,1.5,2.9,0.2,0.5,0.5,25.0,3.0,10.8,0.8,0.391,0.817
12.7,1.5,3.5,0.1,0.8,1.1,25.8,2.9,11.6,0.8,0.395,0.769
11.3,1.4,3.7,0.1,0.7,0.7,29.6,2.8,9.1,0.4,0.443,0.714
13.2,5.6,4.5,0.5,1.1,1.6,25.8,0.8,9.8,2.4,0.537,0.774
5.4,3.8,2.9,0.4,1.0,1.2,18.9,0.6,4.7,0.5,0.47,0.688
15.6,2.8,4.4,0.3,0.9,1.9,30.8,3.2,13.6,1.6,0.406,0.874
16.8,2.8,5.0,0.3,1.2,1.7,31.0,3.6,13.0,1.6,0.458,0.822
12.1,2.8,3.2,0.5,0.8,1.2,25.7,2.6,10.1,0.7,0.436,0.881
22.7,5.6,5.8,0.5,0.6,2.7,34.0,1.3,17.9,5.9,0.461,0.826
24.7,5.8,5.5,0.4,0.7,3.3,34.2,1.4,18.6,6.0,0.484,0.882
20.8,5.7,5.1,0.6,0.8,2.5,32.9,1.3,15.9,4.8,0.492,0.801
17.0,4.3,3.7,0.4,0.9,1.9,30.7,1.4,14.7,3.3,0.444,0.756
12.1,3.9,3.8,0.3,1.0,1.6,30.2,1.7,10.0,2.4,0.431,0.722
14.0,5.1,4.1,0.5,1.1,1.7,28.8,1.6,12.1,3.0,0.421,0.766
21.1,9.2,8.3,0.3,2.0,2.6,34.8,1.4,18.3,3.6,0.462,0.794
20.5,6.1,5.3,0.3,1.5,2.2,36.4,1.8,17.8,2.6,0.464,0.832
22.5,6.4,5.3,0.3,1.4,2.6,35.7,2.6,18.8,3.4,0.459,0.794
20.0,6.2,4.0,0.2,1.0,2.2,32.8,2.6,16.0,3.3,0.454,0.833
21.2,6.5,4.1,0.7,1.0,2.1,31.5,2.5,16.7,3.1,0.481,0.853
13.5,2.8,9.3,1.7,0.7,1.6,29.0,0.0,9.8,2.8,0.618,0.495
12.5,2.7,9.1,1.2,0.9,1.7,26.5,0.0,8.6,2.8,0.629,0.592
11.1,2.5,8.6,1.5,0.7,1.5,26.4,0.0,7.6,2.1,0.656,0.551
7.3,1.0,2.5,0.3,0.7,0.8,17.1,1.2,5.7,1.2,0.454,0.756
9.1,1.6,2.4,0.3,0.5,1.3,22.1,1.4,7.0,1.4,0.467,0.844
8.9,1.5,2.9,0.4,0.7,0.9,27.0,1.8,7.3,0.9,0.442,0.735
23.6,3.5,6.1,0.3,1.1,2.7,33.6,2.5,18.4,4.8,0.473,0.758
26.6,3.5,6.9,0.4,1.1,2.9,35.9,2.4,20.6,5.1,0.491,0.765
23.0,3.6,5.5,0.5,1.2,2.4,33.5,2.1,17.9,4.3,0.499,0.703
19.1,5.9,5.1,0.4,0.8,2.1,33.5,1.6,15.1,4.6,0.448,0.856
14.9,3.7,4.2,0.3,0.7,1.5,26.0,2.0,10.9,2.7,0.484,0.87
15.7,5.5,3.8,0.2,0.7,1.5,28.7,2.1,12.7,3.0,0.44,0.819
9.2,1.3,2.7,0.2,0.4,0.8,22.8,2.1,7.4,0.8,0.437,0.881
8.2,1.0,2.4,0.2,0.4,0.7,19.4,2.0,6.4,0.6,0.442,0.867
9.4,1.2,3.4,0.2,0.4,0.9,22.3,1.8,7.7,0.7,0.449,0.85
7.1,0.9,3.5,0.3,1.4,0.6,17.6,0.6,4.8,0.8,0.616,0.603
4.6,1.4,3.1,0.2,1.0,0.7,16.7,0.6,3.1,0.3,0.594,0.857
5.5,1.1,2.6,0.4,0.9,0.6,15.5,0.5,4.2,0.5,0.563,0.609
22.8,5.3,8.5,0.6,1.3,2.7,37.9,1.1,17.8,5.6,0.494,0.749
24.2,5.8,7.8,0.5,0.9,2.4,37.4,1.3,18.5,6.7,0.48,0.774
21.7,4.3,7.1,0.3,0.8,1.8,33.2,1.1,15.9,5.0,0.536,0.732
7.4,1.0,3.2,0.1,0.6,0.6,19.9,1.0,6.1,1.2,0.441,0.88
8.2,1.3,3.0,0.1,0.4,1.1,20.4,1.5,6.1,1.4,0.442,0.904
3.3,0.4,0.8,0.0,0.2,0.4,5.8,0.4,3.0,0.8,0.365,0.952
10.3,1.6,8.5,1.0,0.5,1.5,24.4,0.0,6.5,3.0,0.626,0.727
10.8,1.0,9.9,1.3,0.4,1.5,28.5,0.0,6.8,3.1,0.634,0.697
11.7,1.4,9.2,1.2,0.3,1.2,26.4,0.0,7.6,2.4,0.649,0.723
11.0,1.9,4.7,0.5,1.1,1.0,33.0,2.2,8.7,1.0,0.471,0.675
8.3,1.5,4.8,0.5,0.8,0.9,30.4,1.7,7.6,0.9,0.391,0.763
8.5,1.6,4.7,0.6,0.8,0.9,28.4,1.7,7.5,0.7,0.421,0.717
20.3,6.7,4.4,0.5,1.7,2.6,37.9,3.7,16.9,3.4,0.403,0.874
19.3,7.2,4.1,0.6,1.8,2.0,36.7,3.0,16.1,4.1,0.393,0.898
17.4,8.1,3.8,0.8,1.4,1.7,36.8,3.1,13.9,3.1,0.416,0.86
5.6,0.6,3.3,0.6,0.5,0.6,17.6,0.4,3.8,1.4,0.538,0.8
5.0,0.5,2.4,0.6,0.5,0.4,14.0,0.4,3.6,1.3,0.5,0.738
8.6,1.0,3.3,0.7,0.7,0.9,23.5,1.1,6.5,1.8,0.483,0.713
7.4,4.0,3.6,0.4,1.7,1.4,28.0,1.0,6.2,1.8,0.398,0.795
5.6,2.9,2.9,0.7,1.5,1.1,23.5,0.8,4.3,1.1,0.455,0.808
10.1,3.5,3.8,1.0,1.7,1.4,28.7,1.9,7.6,1.4,0.468,0.76
14.0,5.7,3.9,0.4,1.5,2.3,29.6,0.5,11.3,2.4,0.514,0.783
7.8,2.8,3.2,0.3,1.0,1.2,21.2,0.1,7.6,0.8,0.472,0.697
13.0,5.1,5.4,0.9,1.8,2.3,34.6,3.1,10.9,0.8,0.423,0.75
7.6,3.3,3.4,0.5,1.3,1.2,22.2,1.9,6.9,0.8,0.366,0.815
23.2,5.6,3.9,0.4,1.2,2.8,35.3,1.3,18.5,5.9,0.473,0.75
25.0,6.1,4.2,0.3,1.1,2.5,33.4,1.6,18.2,6.0,0.512,0.78
26.6,5.6,4.6,0.4,2.0,2.6,35.9,2.9,20.9,5.7,0.465,0.738
26.9,4.4,8.0,0.6,1.0,2.9,35.9,3.0,20.6,6.2,0.453,0.853
30.1,4.6,8.8,0.7,1.1,2.9,36.9,3.2,21.1,8.4,0.466,0.854
26.9,4.9,8.1,0.6,1.0,2.5,35.7,3.1,19.3,6.7,0.471,0.833
13.8,2.9,3.4,0.4,0.8,1.6,28.1,2.3,10.9,1.5,0.473,0.795
13.5,3.9,2.6,0.3,0.6,1.9,22.3,1.9,10.3,2.7,0.448,0.889
15.4,5.1,2.9,0.5,0.6,2.1,26.0,2.1,12.4,2.8,0.443,0.829
6.8,0.5,4.5,1.2,0.7,0.5,15.8,0.7,4.9,1.4,0.51,0.72
14.8,1.3,5.7,0.5,0.7,0.9,30.8,2.2,11.5,2.6,0.445,0.868
25.6,1.9,8.6,0.6,0.6,1.9,34.4,3.0,17.3,6.0,0.499,0.875
23.2,2.0,8.2,0.5,0.9,1.4,33.1,3.2,16.2,5.0,0.48,0.899
25.9,5.3,4.2,0.2,1.5,3.0,33.8,3.5,20.5,4.7,0.448,0.853
28.3,4.4,4.3,0.4,1.5,2.6,35.8,3.6,20.6,5.4,0.484,0.867
26.6,6.1,5.1,0.5,1.8,2.8,35.3,3.3,19.8,5.8,0.462,0.865
11.9,2.1,3.3,0.1,0.6,0.9,27.4,2.7,9.1,1.1,0.449,0.896
9.3,1.5,2.7,0.1,0.5,0.8,22.3,2.3,6.5,0.7,0.492,0.949
11.0,3.5,2.9,0.1,0.5,1.4,25.6,2.7,8.1,1.2,0.448,0.889
11.6,2.9,6.4,0.8,0.6,2.0,22.9,0.9,8.7,2.3,0.518,0.761
11.2,2.8,5.4,0.8,0.5,1.9,22.1,0.8,8.9,2.3,0.484,0.753
16.2,1.8,7.8,1.0,0.6,1.1,30.8,1.2,11.9,3.1,0.526,0.793
13.1,1.2,6.5,1.0,0.6,1.1,30.0,1.0,10.0,2.5,0.508,0.803
15.1,1.1,8.5,0.9,0.6,1.4,28.0,1.3,11.0,2.7,0.532,0.795
17.1,2.6,5.5,0.5,1.5,1.7,36.0,2.4,14.5,2.5,0.443,0.754
16.8,2.0,5.0,0.7,1.9,2.0,35.6,2.1,13.2,2.5,0.476,0.838
14.7,2.1,4.2,0.7,1.4,1.6,34.0,2.0,11.5,1.8,0.489,0.753
16.1,1.6,10.8,1.3,0.8,1.7,32.3,0.0,9.7,4.2,0.677,0.708
14.3,1.7,9.8,1.2,0.8,1.4,32.6,0.0,9.2,3.3,0.644,0.733
16.5,2.7,10.5,1.1,0.7,1.6,31.7,0.0,10.6,4.1,0.634,0.742
19.1,3.4,10.1,0.8,1.4,2.6,32.6,0.0,13.0,6.1,0.557,0.753
20.4,3.2,9.2,0.8,1.2,2.5,34.6,0.0,14.9,5.4,0.54,0.806
19.3,3.9,10.4,0.9,1.1,2.3,34.0,0.2,14.3,5.5,0.521,0.755
8.3,2.4,4.9,1.1,0.7,1.2,17.9,0.2,5.4,1.9,0.626,0.689
5.0,1.2,6.5,0.8,0.6,0.8,19.9,0.1,4.0,0.9,0.535,0.676
7.8,2.5,8.3,1.1,1.2,1.2,25.3,0.0,4.9,2.1,0.644,0.707
3.0,0.5,3.4,0.6,0.2,0.6,10.0,0.0,2.2,0.5,0.585,0.655
1.6,0.1,0.9,0.1,0.1,0.1,2.8,0.3,1.0,0.3,0.5,1.0
4.4,0.4,3.0,0.6,0.1,0.4,8.1,0.1,3.2,0.4,0.644,0.333
17.1,3.5,8.5,0.9,0.6,2.6,33.4,1.9,14.2,3.3,0.452,0.712
21.2,3.7,7.2,0.5,0.6,3.0,35.0,2.5,17.8,3.7,0.448,0.73
22.2,4.2,6.6,0.7,0.5,2.7,32.6,2.2,18.8,3.4,0.463,0.775
13.2,4.9,3.5,0.8,0.9,1.6,29.3,1.5,10.7,3.1,0.421,0.864
12.4,3.9,3.6,0.9,0.7,1.2,28.3,1.8,9.2,2.3,0.462,0.875
15.2,5.2,4.2,1.2,1.0,1.5,32.6,2.7,11.5,2.1,0.461,0.901
14.9,4.1,7.2,0.2,1.1,2.1,33.2,1.4,10.5,3.9,0.504,0.758
9.8,3.8,7.8,0.3,1.2,1.5,32.3,0.8,6.8,2.3,0.529,0.75
9.4,4.1,8.3,0.3,0.9,1.5,33.4,1.0,8.4,1.4,0.434,0.791
5.4,1.6,3.5,0.3,0.6,0.7,18.9,0.8,5.5,0.7,0.364,0.769
1.4,0.6,0.9,0.1,0.4,0.3,5.0,0.1,2.1,0.0,0.303,0.0
18.4,2.8,3.2,0.3,1.1,1.6,27.7,1.4,16.4,3.3,0.432,0.849
14.3,2.6,3.3,0.2,0.9,1.4,30.3,2.0,13.6,2.1,0.396,0.779
12.7,1.7,3.4,0.1,0.9,1.2,30.9,1.8,10.7,2.0,0.428,0.844
7.4,0.9,4.0,0.8,0.2,0.7,16.3,0.4,5.5,1.5,0.52,0.875
9.8,0.5,5.7,0.5,0.3,0.6,18.3,0.4,6.3,2.1,0.623,0.738
5.7,0.6,3.7,0.4,0.3,0.6,11.6,0.1,3.9,1.2,0.577,0.872
12.6,4.4,3.0,0.2,0.7,1.0,29.9,1.7,10.3,1.1,0.484,0.869
10.3,5.3,3.4,0.2,0.7,1.0,27.4,1.3,8.3,1.2,0.48,0.831
5.0,2.1,1.7,0.3,0.6,0.2,14.4,0.8,4.6,0.6,0.405,0.684
4.1,1.1,2.1,0.2,0.1,0.6,11.8,0.5,2.7,0.9,0.561,0.643
5.0,1.3,2.1,0.2,0.4,0.6,14.8,0.7,3.8,0.7,0.476,0.927
1.8,0.7,2.5,0.2,0.2,0.8,10.4,0.3,2.0,0.0,0.385,0.0
2.0,0.6,1.9,0.2,0.2,0.0,6.9,0.0,1.8,0.4,0.481,0.667
3.8,0.8,2.9,0.7,0.2,0.4,11.7,0.0,2.5,0.6,0.665,0.821
5.3,1.1,4.1,1.0,0.4,0.3,15.6,0.0,3.2,0.9,0.7,0.907
9.4,0.3,6.2,0.9,0.6,0.5,21.1,0.9,7.2,2.4,0.464,0.777
9.4,0.4,5.5,0.8,0.6,0.5,20.0,0.8,7.0,2.2,0.493,0.762
6.4,0.5,4.1,0.5,0.3,0.6,14.1,0.6,4.3,1.8,0.507,0.772
8.2,0.9,4.9,0.7,0.4,1.0,20.8,0.7,6.2,1.5,0.519,0.681
6.3,1.0,4.1,0.9,0.4,0.7,16.9,0.4,4.9,0.8,0.532,0.76
7.0,1.2,5.9,1.0,0.5,0.8,24.6,1.4,6.0,1.1,0.398,0.708
5.9,1.4,3.6,0.8,0.3,0.7,25.1,1.1,4.6,1.0,0.456,0.711
4.4,1.6,3.3,0.7,0.4,0.7,20.3,0.7,3.4,1.1,0.432,0.702
6.6,1.2,4.0,0.5,0.6,0.9,20.5,1.0,5.7,0.7,0.454,0.75
7.4,1.5,5.4,0.8,0.6,0.9,24.7,1.3,6.3,0.6,0.456,0.711
5.7,1.1,4.1,0.4,0.6,0.6,19.8,1.1,4.7,0.7,0.43,0.75
11.1,1.5,3.4,0.3,0.7,0.7,27.3,2.4,8.6,1.1,0.448,0.865
10.4,2.3,3.3,0.2,0.9,1.0,27.4,2.0,7.7,1.8,0.44,0.905
13.5,3.0,3.9,0.6,0.9,1.3,33.5,2.7,9.1,2.0,0.499,0.878
11.3,0.8,7.0,0.4,0.5,0.8,23.9,0.5,9.3,2.1,0.504,0.663
12.0,0.9,6.4,0.7,0.5,1.1,23.6,0.5,9.1,2.6,0.529,0.75
11.7,1.1,6.2,0.7,0.4,1.2,21.1,0.2,8.2,2.5,0.586,0.762
10.6,1.2,8.1,1.7,0.5,1.1,25.7,1.5,8.7,1.0,0.48,0.781
6.6,0.9,4.6,0.9,0.3,0.6,15.7,1.0,4.9,1.3,0.485,0.661
4.4,0.7,4.2,1.1,0.4,0.7,13.0,0.4,3.5,0.9,0.49,0.68
14.2,2.3,4.2,0.4,1.2,0.8,34.8,1.4,10.5,1.9,0.534,0.834
20.1,3.3,4.4,0.7,1.1,1.5,35.7,2.0,15.3,4.3,0.468,0.895
19.6,3.6,4.5,0.4,1.0,2.0,34.8,2.7,15.8,3.9,0.436,0.814
20.2,3.8,7.0,0.8,0.9,1.9,35.5,1.9,15.2,4.2,0.491,0.802
21.0,3.3,7.3,0.5,0.9,2.0,37.4,2.3,17.5,3.1,0.462,0.825
9.0,2.1,4.8,0.7,1.1,0.8,24.6,0.5,7.0,1.8,0.506,0.758
11.5,3.4,4.1,0.6,1.1,1.5,28.5,1.1,9.3,1.9,0.483,0.758
10.8,2.9,4.2,0.3,0.9,1.3,27.8,0.8,8.7,2.1,0.478,0.824
16.3,4.8,3.9,0.0,0.8,1.6,31.9,1.2,12.8,2.7,0.502,0.84
24.0,6.2,3.5,0.2,0.9,2.1,35.0,2.0,17.6,5.8,0.491,0.829
28.7,6.7,3.6,0.2,0.9,2.4,35.4,2.7,21.4,6.5,0.479,0.847
4.2,1.5,1.7,0.2,0.4,0.5,13.7,1.0,3.8,0.3,0.387,0.833
8.0,2.4,2.5,0.4,0.8,1.0,22.4,1.8,7.0,0.5,0.423,0.816
5.0,1.3,0.8,0.2,0.5,0.5,13.9,1.1,5.1,0.1,0.378,0.571
15.0,2.8,10.5,0.7,0.6,1.9,29.9,1.1,11.0,3.3,0.525,0.691
15.2,2.3,8.7,0.6,0.5,1.9,29.6,1.4,10.8,3.4,0.525,0.738
11.0,1.7,6.9,0.5,0.6,1.2,25.6,1.2,7.7,2.4,0.525,0.694
9.0,2.8,4.0,0.2,1.1,1.7,23.9,1.8,8.0,2.0,0.351,0.843
9.4,3.5,4.5,0.1,1.3,1.6,26.3,2.1,7.5,1.0,0.435,0.817
15.5,2.7,3.7,0.4,1.3,1.4,29.1,3.5,12.4,1.4,0.443,0.754
2.9,0.2,1.8,0.4,0.0,0.5,5.1,0.0,1.8,0.8,0.655,0.625
3.9,0.8,3.5,0.9,0.2,0.6,10.4,0.0,2.9,1.3,0.527,0.7
6.3,1.0,4.3,0.6,0.6,1.0,15.2,0.0,4.2,2.1,0.583,0.667
24.5,5.9,5.0,0.8,1.3,2.8,34.7,1.6,18.8,7.2,0.453,0.81
31.4,5.5,4.8,1.0,1.6,2.8,35.5,0.9,20.3,10.9,0.51,0.905
30.1,6.2,5.5,0.9,2.0,2.2,34.0,1.3,19.8,8.7,0.535,0.874
6.3,2.4,1.9,0.1,0.7,1.1,16.2,0.6,5.4,1.1,0.447,0.868
3.9,1.4,1.2,0.2,0.6,0.6,13.4,0.6,3.5,0.5,0.418,0.844
6.6,1.8,1.6,0.1,0.5,0.7,16.3,1.1,5.3,0.8,0.446,0.921
12.1,2.7,3.4,0.4,0.7,1.2,29.6,2.2,10.3,0.7,0.454,0.808
15.2,2.9,3.3,0.3,1.1,1.3,29.4,2.7,11.5,1.7,0.485,0.725
10.2,2.6,3.5,0.4,0.7,0.8,24.4,1.9,8.8,0.7,0.443,0.766
16.3,1.1,5.8,2.3,0.9,1.7,27.3,1.6,13.3,4.4,0.415,0.823
18.6,1.0,6.8,3.0,1.0,1.7,28.4,1.6,13.0,4.9,0.506,0.788
22.5,2.3,5.5,1.6,1.2,2.4,32.2,1.8,17.6,6.3,0.444,0.808
3.1,0.3,1.5,0.1,0.1,0.2,7.4,0.5,2.8,0.7,0.365,0.727
6.6,0.5,2.8,0.2,0.4,0.8,15.1,1.0,5.3,1.0,0.458,0.767
7.2,0.7,2.4,0.2,0.4,0.7,18.1,1.0,6.0,0.7,0.462,0.909
9.2,1.1,3.8,0.5,1.0,0.9,22.9,1.1,6.8,1.6,0.507,0.763
9.6,1.6,4.8,0.4,1.0,1.1,29.3,1.2,7.7,1.6,0.464,0.805
10.0,2.2,4.4,0.5,0.7,1.2,27.4,1.3,8.7,1.5,0.431,0.778
7.7,2.5,4.0,0.5,1.2,0.9,26.3,0.9,6.0,1.5,0.482,0.701
7.5,3.7,3.9,0.6,1.1,1.6,26.9,1.0,7.7,1.2,0.381,0.606
10.8,2.7,4.5,0.5,1.4,1.5,22.7,1.9,9.5,1.6,0.404,0.75
10.1,2.6,4.1,0.5,1.6,1.3,27.9,2.0,8.5,1.1,0.425,0.793
11.1,3.0,3.7,0.4,1.6,1.0,26.9,2.0,9.5,2.1,0.386,0.835
8.2,2.5,2.6,0.3,0.5,0.8,21.4,0.8,7.3,1.3,0.429,0.836
8.4,3.2,2.5,0.2,0.3,1.2,20.6,0.7,6.6,1.5,0.479,0.853
4.5,1.3,1.6,0.1,0.4,0.6,12.1,0.4,4.1,1.0,0.405,0.816
4.6,0.8,1.6,0.1,0.5,0.6,12.8,0.7,4.2,0.7,0.389,0.865
6.9,1.7,1.7,0.1,0.5,0.8,14.6,1.3,5.4,1.2,0.445,0.667
4.0,0.9,1.2,0.0,0.3,0.3,10.1,1.0,3.3,0.2,0.416,0.667
2.7,0.5,1.4,0.2,0.5,0.5,10.5,0.3,2.1,1.0,0.404,0.686
7.3,1.5,3.5,0.5,0.8,0.9,18.8,0.9,5.8,2.7,0.391,0.724
4.6,1.1,2.6,0.4,0.8,0.6,16.0,0.5,3.4,1.7,0.417,0.745
17.4,1.0,5.5,0.5,0.6,1.1,29.0,3.0,13.2,1.9,0.487,0.8
16.7,1.5,7.0,0.7,0.5,1.1,31.7,2.7,13.3,1.4,0.484,0.836
8.5,0.5,8.6,1.8,0.8,0.8,25.7,0.0,4.8,2.5,0.761,0.486
7.4,0.9,9.4,1.8,0.9,0.7,26.9,0.0,4.7,2.1,0.671,0.484
5.6,0.6,8.5,1.1,1.2,0.8,24.8,0.0,4.1,2.1,0.575,0.409
16.0,2.1,3.3,0.0,0.9,2.8,28.8,1.0,13.7,3.5,0.45,0.744
14.3,2.9,2.2,0.1,0.6,1.8,23.9,1.0,9.8,4.1,0.506,0.819
18.7,4.9,2.6,0.2,0.8,2.1,26.6,1.6,13.3,4.7,0.487,0.859
8.3,1.6,1.8,0.1,0.4,0.6,20.8,1.8,7.0,1.2,0.394,0.84
8.7,2.3,1.7,0.1,0.7,0.9,20.2,1.9,7.5,1.3,0.377,0.882
7.1,1.2,1.3,0.2,0.5,0.7,15.8,1.2,6.0,1.0,0.431,0.826
17.3,3.9,2.6,0.1,0.5,2.0,29.5,3.1,14.0,2.0,0.443,0.888
21.1,4.1,2.6,0.2,0.7,2.1,35.0,3.4,16.9,2.9,0.447,0.894
22.6,5.5,3.6,0.1,0.5,2.7,34.4,3.4,18.2,3.9,0.43,0.916
18.3,2.0,2.7,0.3,1.7,1.0,35.0,3.0,15.5,2.9,0.414,0.853
17.4,1.6,2.6,0.2,1.6,0.8,32.1,2.5,14.2,3.1,0.433,0.839
13.7,1.7,2.6,0.1,1.1,0.7,28.1,2.5,11.9,1.4,0.426,0.771
6.9,1.3,8.4,0.6,1.3,1.0,25.4,0.0,4.9,1.8,0.587,0.656
7.9,2.4,7.5,0.3,1.1,1.2,24.1,0.4,5.8,1.8,0.548,0.691
5.2,1.2,4.8,0.2,1.2,1.0,20.0,0.3,3.9,1.2,0.518,0.667
9.0,1.4,3.7,0.2,0.3,0.9,15.2,1.0,6.3,2.0,0.497,0.806
10.5,1.5,4.5,0.2,0.6,1.2,19.5,0.9,6.9,3.2,0.5,0.841
10.9,1.2,4.3,0.3,0.5,1.2,17.7,0.5,6.9,2.6,0.601,0.814
12.1,2.2,2.6,0.3,0.6,1.0,23.0,1.6,10.9,2.1,0.407,0.784
11.7,1.1,1.9,0.3,0.5,0.8,23.2,1.6,9.4,1.9,0.448,0.858
9.7,1.3,2.2,0.3,0.6,0.9,17.4,1.8,8.5,1.0,0.423,0.763
10.3,2.3,5.2,0.9,0.9,1.3,27.2,1.7,8.2,1.2,0.47,0.716
15.7,2.4,4.9,1.1,0.9,1.5,32.6,2.0,13.4,2.4,0.444,0.73
12.9,1.9,5.6,0.8,1.0,1.3,30.4,1.8,11.1,2.0,0.436,0.683
7.4,2.2,4.5,0.2,0.9,0.9,21.9,0.8,6.5,1.1,0.461,0.545
8.0,2.0,4.9,0.3,0.8,0.6,22.8,0.9,6.5,0.7,0.517,0.436
4.7,1.3,3.0,0.1,0.6,0.5,14.9,0.8,4.1,0.2,0.468,0.5
28.4,9.7,3.7,0.1,0.9,4.0,34.9,3.1,20.3,7.3,0.46,0.904
26.2,10.2,3.0,0.1,1.1,4.1,34.8,2.1,19.0,8.8,0.429,0.886
25.7,10.8,2.8,0.2,1.3,4.4,36.0,3.2,18.7,7.5,0.43,0.855
17.2,1.4,10.2,0.7,0.7,1.6,29.5,0.1,12.0,2.4,0.634,0.746
18.0,1.7,10.0,0.8,0.6,1.8,30.4,0.1,13.2,3.0,0.589,0.76
16.7,1.6,11.1,0.8,1.0,1.8,32.4,0.0,13.6,1.4,0.57,0.823
28.4,8.7,9.1,0.6,1.2,4.5,35.4,3.1,21.6,7.5,0.457,0.744
32.4,8.0,8.6,0.5,1.4,3.6,36.2,2.8,22.0,10.5,0.496,0.742
33.9,9.8,9.2,0.5,1.4,4.0,37.5,4.1,23.6,8.7,0.487,0.786
7.0,1.1,3.5,0.8,0.4,0.9,14.6,0.5,5.0,1.9,0.52,0.681
4.4,1.0,3.6,0.7,0.4,0.6,12.0,0.2,3.3,1.1,0.552,0.548
5.0,1.3,4.6,1.2,0.5,0.7,15.4,0.0,3.4,1.4,0.603,0.655
9.1,1.1,5.3,0.4,0.7,0.8,23.3,1.2,7.6,2.4,0.411,0.695
6.1,0.7,3.4,0.2,0.5,0.5,16.7,0.7,4.9,2.2,0.386,0.717
3.7,0.8,2.9,0.1,0.3,0.4,11.5,0.3,2.8,1.5,0.444,0.602
10.4,1.3,3.1,0.4,0.8,1.1,17.9,1.6,8.9,1.5,0.423,0.818
6.7,1.0,2.2,0.2,0.7,0.8,13.1,1.4,5.7,0.7,0.423,0.791
10.0,2.0,9.6,2.2,0.9,1.0,29.6,0.0,6.0,1.5,0.736,0.722
8.0,1.4,8.3,1.4,0.6,1.0,23.5,0.0,4.9,1.2,0.747,0.61
5.8,1.1,5.9,1.7,0.7,0.9,17.6,0.1,3.9,0.9,0.641,0.882
11.3,1.1,3.8,0.2,0.5,0.8,22.5,1.3,9.1,1.6,0.491,0.697
11.2,0.9,4.5,0.4,0.3,0.8,23.3,0.8,9.3,1.9,0.486,0.739
13.6,1.2,4.3,0.4,0.6,0.7,26.8,1.4,9.9,2.0,0.537,0.739
6.6,1.0,4.1,0.4,0.2,0.9,14.2,0.3,4.9,1.5,0.528,0.752
4.9,1.2,3.1,0.6,0.4,0.6,13.6,0.2,3.7,1.2,0.515,0.8
10.9,1.6,2.6,0.2,0.5,0.8,25.9,2.9,9.2,0.8,0.399,0.836
6.4,1.1,1.6,0.0,0.3,0.7,16.4,1.5,5.6,0.8,0.371,0.906
12.9,2.8,2.5,0.2,0.7,1.4,28.0,2.8,9.9,1.3,0.45,0.889
3.8,2.9,1.5,0.2,0.9,0.6,14.5,0.4,3.2,0.6,0.44,0.75
3.7,3.4,1.4,0.1,0.7,0.8,15.8,0.6,3.4,0.4,0.421,0.833
3.5,2.0,1.3,0.1,0.6,0.3,11.2,0.8,2.6,0.3,0.483,0.722
8.7,3.1,1.9,0.2,0.9,1.4,23.4,1.8,7.5,0.8,0.417,0.815
9.4,2.5,2.1,0.1,0.9,1.4,25.9,1.7,8.3,1.1,0.402,0.872
3.1,1.9,0.8,0.0,0.8,0.5,19.8,0.3,4.5,0.2,0.306,0.5
7.7,1.2,5.4,0.6,0.4,1.1,17.5,0.1,5.2,1.8,0.596,0.762
6.6,1.3,5.4,1.3,0.5,0.9,20.3,0.1,4.3,1.6,0.641,0.664
5.1,0.8,4.3,0.8,0.4,0.8,15.6,0.0,3.4,1.2,0.601,0.774
4.4,0.8,3.5,0.3,0.7,0.8,18.0,0.7,4.0,0.5,0.431,0.464
6.1,1.1,3.2,0.5,0.8,0.5,20.7,1.2,5.0,0.5,0.465,0.639
9.0,1.8,2.9,0.2,0.6,0.7,22.7,1.4,6.8,1.7,0.453,0.863
3.4,1.1,1.1,0.1,0.1,0.4,12.5,0.2,2.9,1.3,0.386,0.778
6.6,1.1,2.1,0.2,0.6,0.5,20.9,1.0,5.0,1.0,0.472,0.859
0.8,0.3,0.3,0.1,0.0,0.2,2.7,0.1,1.0,0.1,0.353,0.0
10.8,2.6,5.2,0.3,0.7,1.0,28.6,0.9,8.5,2.0,0.484,0.78
8.8,2.3,3.4,0.3,0.5,1.0,23.1,1.0,6.5,1.5,0.519,0.78
8.8,1.6,3.4,0.2,0.6,0.6,25.0,0.9,6.6,1.3,0.515,0.832
9.2,4.1,2.1,0.1,0.9,1.5,25.0,0.9,7.7,0.8,0.498,0.804
10.6,1.4,3.0,0.2,0.4,0.8,23.3,2.7,8.3,0.8,0.441,0.792
11.5,2.1,3.2,0.2,0.5,0.9,28.4,2.5,9.9,1.1,0.41,0.876
12.2,4.0,4.8,0.4,0.9,1.6,32.0,2.4,10.4,1.4,0.418,0.794
2.4,0.4,1.4,0.1,0.1,0.3,5.8,0.1,1.9,0.4,0.556,0.4
9.1,1.0,5.8,1.2,0.4,1.6,21.5,0.4,6.8,1.5,0.546,0.759
5.2,0.4,3.2,0.6,0.2,0.4,10.9,0.5,3.5,0.4,0.616,0.789
26.0,4.6,7.0,0.6,1.1,3.4,33.0,0.2,16.2,8.6,0.608,0.714
22.9,5.0,5.8,0.7,1.1,2.8,31.5,0.1,15.6,7.1,0.57,0.702
20.0,3.0,5.8,0.2,0.6,2.2,34.5,2.0,17.1,5.8,0.408,0.714
19.6,2.8,5.0,0.2,0.4,2.2,33.9,1.7,16.1,5.4,0.434,0.74
20.2,3.3,5.4,0.4,0.5,2.2,31.7,1.6,15.2,5.0,0.495,0.715
10.1,1.0,2.1,0.3,1.0,1.2,20.7,1.3,8.3,2.3,0.404,0.902
9.7,1.4,2.2,0.4,1.0,1.2,24.7,1.1,7.8,1.9,0.446,0.853
5.4,1.0,2.1,0.3,1.0,0.6,20.5,0.8,4.9,1.1,0.389,0.759
27.4,6.7,5.7,0.4,1.2,3.4,33.1,1.5,20.6,7.3,0.493,0.761
26.2,8.1,5.9,0.3,1.1,3.4,31.9,1.5,19.9,8.1,0.466,0.748
23.2,7.3,4.1,0.2,1.2,3.7,30.4,1.8,17.8,6.4,0.454,0.824
13.4,1.3,3.3,0.4,0.7,1.3,29.8,1.4,10.8,3.1,0.442,0.765
15.4,1.4,4.2,0.3,0.5,1.2,31.7,1.5,12.3,3.1,0.461,0.826
15.6,1.5,3.9,0.3,0.7,1.5,29.5,2.1,11.6,3.4,0.459,0.847
12.7,2.9,3.0,0.2,0.5,1.1,27.5,2.2,10.6,1.5,0.433,0.857
9.7,2.8,2.9,0.1,0.7,1.0,23.4,1.7,8.0,0.9,0.443,0.871
19.1,5.1,4.5,0.2,0.7,2.1,36.5,2.6,15.3,3.3,0.447,0.838
10.4,1.3,5.3,1.1,0.6,0.5,19.5,0.1,7.0,2.0,0.644,0.654
10.0,1.3,5.5,0.7,0.6,1.0,19.5,0.0,6.2,2.5,0.656,0.719
8.3,1.0,5.1,0.6,0.8,0.6,18.9,0.0,5.9,1.4,0.621,0.701
21.7,8.6,3.3,0.1,1.3,3.6,35.7,2.6,17.3,3.5,0.462,0.892
21.6,7.8,2.7,0.1,1.2,2.9,35.5,2.4,16.4,4.7,0.462,0.863
18.0,6.5,2.7,0.1,1.3,3.1,33.3,2.3,14.8,3.1,0.446,0.834
9.3,0.6,4.5,0.8,0.5,0.8,20.0,0.3,5.7,2.7,0.616,0.766
5.0,0.7,2.8,0.4,0.4,0.7,13.0,0.1,3.3,1.8,0.551,0.699
4.3,0.5,3.0,0.4,0.5,0.6,12.5,0.0,2.5,1.2,0.72,0.622
10.6,2.4,2.9,0.4,0.7,1.4,22.6,1.6,10.5,1.7,0.372,0.743
6.2,1.8,1.7,0.4,0.5,0.9,15.0,1.0,5.0,1.0,0.444,0.667
8.0,2.5,2.0,0.5,0.8,0.9,23.4,1.6,6.6,0.8,0.439,0.8
20.7,4.0,5.0,0.1,0.7,2.6,32.6,2.7,17.0,3.3,0.447,0.868
20.1,4.2,5.4,0.2,0.8,2.4,34.9,3.0,16.6,2.7,0.439,0.934
20.8,4.5,5.3,0.1,0.7,2.2,33.5,3.1,17.5,2.6,0.441,0.856
17.0,2.1,6.1,0.2,0.8,1.2,31.9,2.1,13.5,3.1,0.466,0.756
22.0,2.9,5.0,0.2,0.7,2.1,32.8,2.1,17.7,5.2,0.452,0.749
15.7,2.8,5.5,0.3,0.7,1.4,29.5,1.8,12.5,3.2,0.454,0.792
8.6,1.7,5.0,0.6,1.4,0.8,25.0,1.7,8.2,0.9,0.376,0.846
4.7,1.4,3.6,0.4,0.7,0.6,19.2,1.0,4.5,0.8,0.352,0.762
2.3,0.4,1.7,0.1,0.2,0.3,9.2,0.5,2.4,0.1,0.357,0.571
15.6,6.2,4.4,0.4,1.1,3.1,31.3,2.5,13.2,3.2,0.415,0.642
19.2,5.7,5.3,0.3,1.4,3.2,34.3,2.4,15.0,4.5,0.442,0.784
10.3,3.4,3.7,0.2,1.1,1.8,19.8,0.7,8.7,2.3,0.449,0.769
5.7,1.4,5.5,0.9,0.5,1.2,14.5,0.1,3.9,1.1,0.644,0.595
3.3,1.1,4.0,0.9,0.4,0.8,10.8,0.0,2.1,0.3,0.725,0.833
4.3,0.0,3.4,0.4,0.2,0.5,8.6,0.0,2.7,1.8,0.593,0.597
4.3,0.1,3.9,0.4,0.1,0.4,8.2,0.0,2.7,2.0,0.635,0.458
3.4,0.3,3.9,0.3,0.2,0.5,9.1,0.0,3.0,1.4,0.508,0.29
8.7,0.9,5.6,1.1,0.5,0.8,20.7,0.0,5.6,2.0,0.674,0.581
12.6,1.9,9.2,2.5,0.9,1.3,29.9,0.0,7.7,3.2,0.705,0.541
11.8,2.1,9.9,2.1,0.6,1.3,29.8,0.0,8.2,2.8,0.629,0.551
17.2,1.7,4.2,0.4,0.9,1.7,32.7,2.5,14.2,3.7,0.404,0.843
13.7,2.1,4.6,0.3,1.0,1.2,30.7,1.8,11.8,3.5,0.388,0.772
10.9,1.4,3.6,0.6,0.9,0.9,28.4,2.0,8.3,2.0,0.438,0.826
9.4,0.9,5.7,1.4,0.4,0.9,20.1,0.0,5.7,2.1,0.693,0.699
9.0,1.1,5.6,1.3,0.4,1.1,20.6,0.0,5.1,2.4,0.732,0.679
11.0,1.6,7.6,2.1,0.9,1.0,24.5,0.0,6.5,2.4,0.725,0.674
11.3,2.1,3.2,0.4,0.7,1.0,29.9,2.2,8.5,1.4,0.468,0.796
7.0,1.3,2.0,0.1,0.7,0.5,20.1,1.6,6.4,0.9,0.372,0.756
10.0,2.7,3.2,0.5,1.0,1.4,25.2,0.8,9.0,2.1,0.416,0.8
10.7,3.8,3.2,0.4,0.6,1.9,20.2,0.9,9.4,2.6,0.419,0.75
10.1,3.5,2.4,0.4,0.9,1.3,19.8,1.2,9.1,2.1,0.396,0.807
7.1,2.3,1.6,0.1,0.6,0.8,16.7,1.1,6.8,1.0,0.378,0.809
6.9,3.0,1.7,0.1,0.5,0.7,18.1,0.8,5.4,0.9,0.488,0.927
12.5,3.4,2.5,0.0,1.1,1.3,19.9,1.6,8.8,2.1,0.516,0.872
12.5,1.5,4.1,0.2,0.9,0.7,26.2,2.5,9.2,1.7,0.46,0.86
15.5,1.9,4.4,0.3,1.2,0.9,28.6,2.5,11.3,2.9,0.47,0.842
13.4,2.4,4.3,0.3,0.8,1.0,27.6,2.4,10.7,1.9,0.446,0.789
6.2,1.1,3.1,0.4,0.5,0.7,16.3,0.7,4.6,1.3,0.484,0.736
9.4,1.6,4.3,0.4,1.0,1.2,23.9,1.0,7.7,1.7,0.455,0.841
3.4,0.7,1.6,0.1,0.4,0.6,10.8,0.2,3.8,0.7,0.344,0.73
8.5,2.1,2.0,0.2,0.4,0.6,15.7,1.0,6.7,1.5,0.475,0.783
10.8,2.0,2.6,0.1,0.6,1.0,19.3,1.0,9.6,1.5,0.448,0.778
6.2,1.5,1.8,0.2,0.3,0.5,16.4,0.5,6.0,0.7,0.436,0.778
18.5,4.0,3.4,0.3,0.8,2.5,30.0,2.8,13.9,3.5,0.448,0.925
20.4,4.5,2.7,0.3,0.8,3.1,30.0,2.6,15.6,5.1,0.43,0.87
17.4,4.4,2.7,0.3,1.1,2.4,30.1,2.4,15.2,2.8,0.413,0.877
5.5,0.7,4.4,0.8,0.5,0.5,11.9,0.0,3.7,1.0,0.644,0.714
8.3,0.9,3.9,0.9,0.5,1.1,15.8,0.7,6.2,1.9,0.489,0.765
11.5,1.1,4.9,0.8,0.6,1.4,18.4,1.1,8.5,1.9,0.537,0.677
13.5,1.3,5.2,0.9,0.8,1.4,24.2,2.1,10.5,1.8,0.477,0.736
5.7,1.1,2.3,1.1,1.7,0.6,25.5,0.7,4.5,0.7,0.5,0.791
4.1,0.7,2.0,0.5,1.2,0.3,16.9,0.8,3.6,0.4,0.435,0.679
5.4,1.4,2.1,0.8,1.7,0.6,22.9,1.2,4.9,0.4,0.397,0.759
7.8,1.0,3.6,0.7,0.5,0.8,24.4,1.4,5.6,1.2,0.475,0.905
8.1,1.7,4.6,0.4,0.5,1.0,25.9,1.5,6.0,1.5,0.454,0.77
10.3,2.3,4.2,0.5,0.6,1.4,28.0,1.7,8.0,1.8,0.456,0.757
4.8,1.5,4.6,0.3,0.6,0.4,17.9,0.7,3.6,0.7,0.515,0.551
5.1,1.4,4.3,0.3,1.1,0.5,20.7,0.8,4.4,0.5,0.431,0.778
4.3,2.0,4.7,0.9,0.9,0.8,21.3,0.7,3.8,0.5,0.423,0.84
10.0,1.0,2.9,0.4,0.9,0.6,26.3,2.1,7.1,2.8,0.399,0.794
4.8,0.5,1.4,0.1,0.4,0.4,12.7,1.2,3.7,1.0,0.363,0.906
4.9,0.6,1.4,0.1,0.3,0.3,15.0,1.3,3.4,0.6,0.456,0.81
5.3,1.0,2.9,0.1,0.6,0.3,19.2,1.0,4.3,0.6,0.456,0.667
4.7,0.8,3.4,0.5,0.6,0.4,20.3,1.0,4.0,0.5,0.412,0.652
5.4,0.8,4.0,0.5,0.7,0.4,20.5,1.5,4.3,0.5,0.414,0.769
7.2,0.9,4.2,0.5,1.0,0.5,23.4,0.6,5.0,1.5,0.542,0.833
5.2,0.7,2.8,0.7,0.8,0.6,15.0,0.4,3.4,1.4,0.565,0.667
5.1,0.8,3.2,0.5,1.0,0.5,18.5,0.7,4.2,1.1,0.429,0.724
21.3,3.8,4.8,0.6,1.5,2.6,34.2,3.0,17.3,3.9,0.441,0.786
24.6,4.4,5.8,0.7,1.6,3.3,36.0,2.7,19.5,5.3,0.459,0.756
25.9,5.1,5.4,0.5,1.3,3.1,35.1,2.4,19.7,6.4,0.461,0.836
20.1,7.6,6.7,0.4,1.6,3.3,32.3,2.9,16.7,3.2,0.429,0.872
23.3,8.4,6.4,0.3,1.3,3.6,35.2,4.0,20.0,3.4,0.411,0.843
23.9,8.0,5.1,0.2,1.8,3.8,32.3,3.2,19.2,4.7,0.433,0.865
10.0,0.7,5.9,0.6,0.2,1.1,19.3,0.1,7.5,2.2,0.558,0.701
7.1,0.9,5.3,0.6,0.2,1.0,17.3,0.0,4.8,1.6,0.613,0.706
6.9,4.2,3.2,0.5,1.2,1.7,25.0,0.7,7.0,1.1,0.383,0.77
10.3,6.2,2.9,0.4,1.4,2.3,28.3,1.1,10.7,1.5,0.377,0.821
6.9,4.9,2.8,0.5,0.9,1.2,24.0,0.5,6.7,1.2,0.413,0.66
8.4,2.0,5.2,0.5,0.7,1.1,24.2,1.0,7.1,1.7,0.432,0.757
9.2,2.8,6.4,0.4,0.9,1.6,26.6,0.9,7.6,2.2,0.437,0.739
14.7,3.8,7.2,0.5,0.8,2.1,30.1,1.2,10.7,3.6,0.506,0.74
9.0,1.1,3.7,0.5,0.3,0.8,17.1,0.7,6.6,1.7,0.531,0.758
7.4,1.0,2.8,0.2,0.3,0.6,15.7,1.3,6.3,0.7,0.446,0.809
10.3,1.6,3.9,0.5,0.6,0.8,21.1,1.2,7.1,1.2,0.573,0.77
8.2,1.1,5.9,1.3,0.6,0.9,20.7,0.0,4.7,2.3,0.69,0.727
9.9,1.0,7.2,1.3,0.7,1.0,23.1,0.1,6.2,2.5,0.638,0.781
10.2,1.3,6.8,1.1,0.5,0.8,25.5,0.4,6.6,2.1,0.611,0.793
15.3,8.2,4.0,0.6,1.7,2.6,35.0,2.1,11.8,2.5,0.473,0.842
20.7,10.4,3.7,0.4,1.6,2.5,33.6,2.9,15.0,3.6,0.49,0.871
20.1,10.9,3.9,0.7,1.2,2.3,32.2,2.8,15.2,3.3,0.477,0.855
12.3,1.9,4.3,0.6,1.1,0.8,27.3,1.9,10.8,1.4,0.427,0.838
18.5,3.6,3.9,0.4,1.1,1.5,31.0,2.7,15.7,2.6,0.439,0.78
19.5,4.1,3.8,0.3,1.1,1.6,33.1,2.4,15.5,3.0,0.472,0.801
8.8,1.8,3.0,0.3,0.8,0.9,29.6,0.8,6.4,2.3,0.48,0.768
6.4,1.1,2.5,0.4,0.7,0.6,21.7,0.8,4.7,1.4,0.494,0.757
9.4,1.9,3.0,0.5,0.8,0.8,27.3,1.2,7.0,2.0,0.49,0.679
9.0,0.9,4.1,0.5,0.5,0.9,24.8,0.9,6.0,2.4,0.529,0.732
10.2,1.2,4.0,0.9,0.9,1.2,28.3,1.4,8.3,1.3,0.464,0.857
10.0,1.5,3.9,0.8,0.9,1.3,27.3,1.4,8.3,1.5,0.443,0.788
9.1,1.1,6.5,0.6,0.5,1.2,23.6,0.8,8.3,1.8,0.439,0.595
9.2,0.9,6.0,0.5,0.6,1.1,20.7,0.5,7.3,2.3,0.485,0.702
7.6,1.3,6.6,0.9,0.6,1.1,21.9,0.4,6.3,1.5,0.501,0.616
3.8,0.4,1.7,0.1,0.4,0.6,11.0,0.6,3.5,0.5,0.396,0.808
10.1,1.3,3.8,0.5,0.8,1.0,24.9,1.6,8.1,1.9,0.427,0.838
12.2,1.5,3.8,0.7,0.9,0.9,27.7,1.9,8.8,1.9,0.496,0.781
16.3,5.7,5.4,0.3,0.7,2.6,31.7,2.0,14.0,3.9,0.391,0.854
13.0,3.9,4.8,0.5,0.6,1.5,25.9,1.3,10.2,2.8,0.454,0.894
11.6,2.9,3.8,0.5,0.8,1.6,22.4,1.1,9.4,2.7,0.435,0.826
17.5,4.3,3.2,0.4,0.7,1.2,35.3,1.8,13.3,3.3,0.485,0.866
20.3,3.5,2.9,0.1,0.8,1.3,33.6,2.7,15.2,3.6,0.481,0.845
25.9,6.2,3.7,0.5,1.0,1.7,37.5,3.0,20.3,5.4,0.45,0.868
4.8,1.2,2.4,0.2,0.7,0.7,15.5,0.4,3.8,0.7,0.508,0.689
9.1,1.7,3.0,0.1,0.7,1.2,25.7,1.1,6.4,1.6,0.537,0.723
8.2,2.3,3.2,0.2,0.8,1.1,26.4,1.3,6.6,1.0,0.479,0.684
9.2,1.1,4.2,0.8,0.7,1.1,25.8,1.1,7.9,1.0,0.46,0.803
12.1,1.9,3.9,1.0,0.9,1.4,30.6,1.4,9.1,1.8,0.517,0.736
10.5,1.4,3.1,0.6,0.9,1.2,29.2,1.2,8.7,1.1,0.489,0.722
9.2,0.5,6.0,0.8,0.3,0.8,18.1,0.8,6.9,2.0,0.503,0.765
9.4,1.0,5.8,0.9,0.3,1.1,18.8,0.8,7.5,2.0,0.476,0.759
9.9,1.0,5.5,0.6,0.3,0.7,17.2,1.0,6.5,1.7,0.592,0.692
8.3,1.2,8.7,1.1,0.3,1.2,25.6,0.2,6.9,1.5,0.51,0.718
11.3,1.4,8.1,0.7,0.4,1.4,28.3,1.3,8.8,3.0,0.442,0.738
10.9,1.6,6.6,0.8,0.4,1.4,30.9,1.5,8.3,1.8,0.487,0.753
6.6,0.4,3.6,0.3,0.4,0.6,17.0,0.9,4.5,1.6,0.516,0.631
5.2,0.3,2.6,0.4,0.3,0.6,13.7,0.3,3.7,1.2,0.561,0.645
3.2,0.6,2.2,0.7,0.3,0.5,9.9,0.1,2.6,1.1,0.463,0.677
11.3,3.5,3.2,0.0,0.7,1.3,23.1,1.8,9.3,2.6,0.392,0.881
14.9,3.4,4.2,0.2,1.0,1.2,28.9,2.1,11.6,3.1,0.448,0.819
17.0,4.9,3.8,0.1,0.7,1.5,29.2,2.5,13.1,3.6,0.434,0.853
3.1,0.4,2.4,0.4,0.9,0.3,8.0,0.1,2.5,0.4,0.563,0.429
4.2,0.4,3.8,0.7,0.7,0.7,10.9,0.0,3.0,0.7,0.593,0.745
7.3,1.3,6.0,1.0,0.8,0.8,19.4,0.3,5.9,1.0,0.54,0.718
3.6,0.6,1.0,0.1,0.3,0.3,11.1,0.8,3.2,0.6,0.35,0.935
9.5,1.2,2.4,0.1,0.7,0.5,19.1,2.2,7.0,1.4,0.441,0.82
8.2,1.3,2.3,0.3,0.6,0.6,18.5,1.9,6.2,0.7,0.458,0.865
6.0,3.4,2.2,0.1,0.6,0.7,16.6,0.1,4.9,1.3,0.49,0.78
12.9,6.6,3.6,0.1,1.3,1.6,29.2,0.7,10.9,2.5,0.459,0.86
10.0,6.2,3.8,0.1,1.0,1.5,27.8,0.8,7.8,1.5,0.505,0.856
4.3,1.6,1.4,0.1,0.5,0.3,12.2,0.7,4.2,0.5,0.393,0.625
4.6,1.3,1.4,0.1,0.4,0.5,13.0,0.9,4.6,0.6,0.36,0.758
5.5,1.9,1.7,0.1,0.6,0.9,12.7,0.8,4.7,1.0,0.418,0.732
6.2,2.0,1.9,0.1,0.4,0.6,14.1,1.4,5.3,0.3,0.429,1.0
5.6,1.3,1.8,0.0,0.3,0.8,13.4,1.2,5.1,0.3,0.412,0.75
9.6,3.4,3.2,0.1,0.5,0.7,22.3,1.8,7.7,0.7,0.468,0.821
6.1,0.7,2.6,0.3,0.5,0.7,16.1,0.3,5.1,1.2,0.489,0.707
5.3,0.5,3.3,0.3,0.4,0.4,18.1,0.5,4.6,0.9,0.448,0.702
7.2,0.7,3.3,0.6,0.6,0.6,14.7,0.4,6.3,1.4,0.45,0.778
3.0,0.3,1.7,0.4,0.2,0.5,7.3,0.0,1.8,0.9,0.667,0.698
8.2,0.6,6.4,1.1,0.2,0.9,18.7,0.0,4.8,2.8,0.629,0.749
9.7,0.8,8.0,1.1,0.4,1.1,26.2,0.0,5.6,2.7,0.691,0.737
4.8,1.2,3.0,0.3,0.9,0.6,13.2,0.2,4.1,1.3,0.454,0.648
7.0,1.6,5.0,0.5,1.0,0.7,19.3,0.1,5.0,1.5,0.614,0.551
5.3,1.4,3.9,0.8,0.9,0.6,18.0,0.4,5.2,0.9,0.434,0.44
6.3,3.2,1.5,0.2,0.7,1.3,14.1,0.6,5.0,0.9,0.488,0.861
18.2,2.7,4.4,0.4,1.2,1.5,29.8,3.0,14.5,2.0,0.461,0.903
21.5,4.4,5.0,0.4,1.0,2.2,31.7,2.9,16.2,3.5,0.479,0.883
23.7,5.5,4.4,0.5,1.0,2.7,34.4,3.3,18.5,3.8,0.464,0.87
2.3,1.1,0.9,0.1,0.0,0.1,4.5,0.1,1.8,0.5,0.5,0.8
22.1,3.7,3.7,0.2,0.8,2.6,34.2,2.5,17.9,6.1,0.416,0.786
19.6,3.5,5.2,0.3,0.8,2.3,31.7,2.5,16.2,4.3,0.423,0.804
4.0,2.3,1.7,0.1,0.5,1.5,16.0,0.7,4.2,0.6,0.342,0.667
1.8,0.4,0.2,0.0,0.3,0.3,3.3,0.4,1.6,0.4,0.375,0.5
9.9,1.9,3.4,0.5,0.6,1.4,20.8,0.8,7.4,2.1,0.525,0.652
16.1,2.2,4.8,0.5,0.7,1.6,26.3,0.7,11.6,4.0,0.529,0.746
5.7,1.1,2.6,0.1,0.6,0.8,13.4,0.4,4.9,1.7,0.405,0.796
9.1,2.5,3.6,0.2,0.7,1.3,23.3,0.9,7.4,2.3,0.433,0.789
7.1,1.9,3.6,0.2,0.7,1.0,19.0,0.9,5.6,1.3,0.463,0.791
8.8,1.3,3.8,0.5,0.4,0.8,21.0,0.8,6.6,1.6,0.533,0.634
12.7,1.5,5.5,0.4,0.5,1.1,28.0,0.8,8.8,2.7,0.569,0.68
3.7,0.9,2.2,0.2,0.4,0.5,12.4,0.1,3.0,0.7,0.536,0.537
8.0,1.8,2.0,0.1,0.3,0.3,17.5,2.3,6.4,0.5,0.402,0.929
2.9,1.3,1.4,0.4,0.5,0.5,11.8,0.2,2.7,0.9,0.368,0.75
8.6,2.6,2.8,0.3,0.8,1.2,26.2,0.7,7.1,1.0,0.493,0.805
12.2,3.2,2.8,0.5,0.9,1.4,29.1,1.6,9.5,1.4,0.501,0.81
1.2,0.6,0.9,0.0,0.2,0.2,5.7,0.2,1.3,0.1,0.405,0.5
6.1,2.3,2.4,0.3,0.6,0.9,24.6,1.3,4.7,0.3,0.49,0.833
11.8,2.8,5.4,0.5,0.9,1.8,26.4,0.8,9.3,2.4,0.498,0.707
9.1,2.7,3.8,0.2,0.7,1.5,21.9,0.4,7.4,2.2,0.48,0.725
4.1,1.0,3.0,0.2,0.6,0.6,15.9,0.4,3.5,0.6,0.472,0.667
4.1,0.6,1.9,0.3,0.1,0.4,10.5,0.3,2.5,1.2,0.569,0.808
3.3,0.6,1.7,0.2,0.1,0.3,10.6,0.1,2.2,1.1,0.538,0.731
3.8,0.7,1.9,0.2,0.3,0.5,9.3,0.2,3.2,0.7,0.469,0.806
4.3,2.3,1.7,0.1,0.6,0.4,11.8,0.8,3.0,0.3,0.556,0.75
1.1,0.5,0.9,0.1,0.1,0.1,3.0,0.1,0.9,0.4,0.412,0.75
3.2,1.0,0.8,0.1,0.1,0.4,6.6,0.2,3.2,1.0,0.37,0.647
5.2,0.7,1.8,0.3,0.3,0.2,12.9,1.4,4.3,0.5,0.393,0.8
3.6,0.6,1.1,0.2,0.1,0.2,7.4,1.0,2.7,0.1,0.471,1.0
5.4,0.6,1.4,0.0,0.2,0.7,13.9,1.5,4.0,0.5,0.434,0.929
6.8,1.0,4.2,0.3,0.6,0.4,18.9,0.9,5.8,1.0,0.444,0.833
2.9,0.5,1.9,0.1,0.3,0.4,8.6,0.3,2.4,0.4,0.474,0.75
6.5,0.9,1.4,0.0,0.4,0.5,11.3,0.5,5.5,1.7,0.418,0.763
5.2,0.4,1.6,0.3,0.3,0.8,10.8,0.4,5.0,1.0,0.404,0.697
5.8,1.1,1.1,0.2,0.5,0.9,12.3,0.3,5.1,0.9,0.465,0.75
2.0,0.6,0.6,0.2,0.4,0.4,5.0,0.1,2.2,0.4,0.355,0.667
9.8,2.5,4.1,0.6,1.6,1.3,29.6,0.8,7.6,2.4,0.469,0.764
11.0,2.6,3.6,0.8,1.4,1.2,30.5,1.5,7.7,2.1,0.498,0.867
14.5,1.4,3.6,0.5,1.1,0.8,31.0,2.6,10.1,2.4,0.484,0.905
14.8,2.2,4.9,0.5,0.9,0.6,29.7,3.0,10.9,2.6,0.443,0.815
3.3,0.9,1.6,0.3,0.7,0.7,10.3,0.2,3.0,0.9,0.399,0.833
18.6,3.5,4.1,0.2,1.0,2.1,32.6,1.6,14.0,4.0,0.485,0.842
19.7,3.7,5.3,0.4,1.1,1.9,32.5,1.3,15.2,4.4,0.482,0.85
5.7,0.9,2.1,0.2,0.4,1.0,15.2,0.7,5.3,0.6,0.429,0.773
8.2,1.5,3.5,0.2,0.7,1.3,20.3,1.1,7.4,1.5,0.397,0.827
5.8,1.1,2.8,0.6,0.6,0.8,21.0,0.8,5.6,0.7,0.411,0.661
7.9,1.4,2.5,0.2,0.5,0.9,19.5,1.2,7.2,1.6,0.369,0.847
3.9,0.7,1.8,0.1,0.5,0.4,12.2,0.7,3.6,0.6,0.381,0.788
11.8,3.1,2.4,0.3,0.7,1.5,19.4,2.1,10.2,1.8,0.399,0.843
6.9,2.5,1.5,0.1,0.7,1.2,14.6,1.2,6.8,0.6,0.386,0.783
3.4,0.3,2.7,0.7,0.4,0.7,11.9,0.1,2.6,0.6,0.558,0.731
5.0,0.6,3.1,0.6,0.4,0.5,11.7,0.0,2.7,0.8,0.798,0.719
3.5,1.1,0.8,0.1,0.6,0.4,11.9,0.6,3.4,0.7,0.358,0.667
8.3,1.7,1.5,0.1,0.7,0.4,19.5,1.6,6.7,0.7,0.452,0.86
4.8,0.8,1.7,0.1,0.3,0.5,13.0,0.8,3.6,0.8,0.476,0.698
8.1,0.9,3.0,0.4,0.6,0.7,17.5,1.1,6.4,1.4,0.462,0.785
7.2,0.8,4.5,1.5,0.5,0.8,16.5,0.0,5.0,2.3,0.563,0.651
6.4,0.8,4.0,1.0,0.6,0.7,12.8,0.0,3.9,1.7,0.665,0.716
7.7,1.8,2.3,0.2,0.6,0.9,17.7,1.2,7.5,0.8,0.393,0.764
9.3,4.0,3.6,0.1,1.2,1.6,24.1,1.1,7.7,1.4,0.459,0.763
7.2,1.2,1.8,0.1,0.2,0.7,18.6,1.6,5.5,0.7,0.464,0.714
4.7,0.8,4.2,0.7,0.3,0.9,11.5,0.1,3.6,1.1,0.544,0.636
6.8,1.4,6.4,0.7,0.4,1.1,15.1,0.1,4.8,2.0,0.571,0.61
3.8,0.5,2.2,0.3,0.3,0.6,14.0,0.6,3.4,0.7,0.399,0.702
3.2,0.5,2.3,0.4,0.2,0.2,12.4,0.4,2.9,0.3,0.437,0.55
5.9,1.3,3.5,0.6,0.7,0.7,15.7,0.9,5.2,1.0,0.41,0.8
5.6,1.2,4.0,0.5,0.5,0.6,14.9,0.4,4.6,1.1,0.491,0.628
16.0,3.6,8.7,0.8,1.2,1.8,33.7,1.3,12.5,2.6,0.511,0.728
4.7,1.5,1.1,0.2,0.5,1.1,10.4,0.7,4.5,1.0,0.376,0.659
10.6,2.2,3.8,0.4,1.0,1.5,24.4,1.6,9.9,1.8,0.389,0.77
2.8,0.6,1.7,0.2,0.4,0.4,10.7,0.5,2.6,0.4,0.387,0.733
1.7,0.3,0.8,0.1,0.2,0.1,5.1,0.4,1.5,0.2,0.415,0.556
11.1,1.2,2.8,0.1,0.4,0.7,28.3,2.2,7.9,1.2,0.497,0.852
13.4,2.0,2.8,0.2,0.5,1.2,25.8,2.3,9.9,2.0,0.486,0.726
5.6,2.3,1.3,0.2,0.6,0.8,18.1,0.8,5.0,0.4,0.454,0.806
5.3,1.9,1.3,0.0,0.2,0.6,15.3,0.8,4.5,0.6,0.452,0.714
13.0,3.4,3.0,0.3,0.5,1.5,28.8,1.3,7.7,4.1,0.529,0.864
15.9,5.5,4.3,0.3,0.8,2.1,32.1,1.9,11.5,3.3,0.486,0.853
10.6,1.4,1.7,0.1,0.4,1.1,16.6,0.9,8.0,3.1,0.441,0.868
22.5,2.9,3.2,0.2,0.7,1.9,31.4,2.2,18.0,5.1,0.442,0.856
3.7,0.9,1.3,0.0,0.4,0.8,9.9,0.0,3.4,0.7,0.462,0.706
15.3,4.8,6.6,0.8,1.1,2.0,34.8,0.8,13.2,3.2,0.456,0.772
19.9,6.1,8.2,1.5,1.3,2.8,34.9,1.7,15.7,4.2,0.475,0.781
6.5,0.6,2.3,0.1,0.1,0.5,8.7,0.5,4.1,1.9,0.543,0.788
4.0,0.2,1.2,0.0,0.2,0.2,4.9,0.4,3.0,1.0,0.48,0.72
7.4,2.1,3.8,0.2,0.5,1.1,19.1,0.4,5.2,1.6,0.56,0.72
6.9,1.3,3.1,0.3,0.4,1.0,13.6,0.4,4.9,1.5,0.527,0.794
6.1,1.4,4.3,0.3,0.3,0.8,15.3,0.7,5.3,1.3,0.422,0.684
4.1,1.1,3.2,0.3,0.2,0.4,9.8,0.4,3.4,0.7,0.471,0.735
6.4,0.9,2.6,0.3,0.4,0.4,16.1,1.8,5.0,0.2,0.455,0.706
9.0,1.0,3.5,0.3,0.5,0.4,22.0,2.5,7.1,0.2,0.446,0.895
6.8,1.4,2.8,0.6,0.6,0.8,19.8,1.4,5.4,1.2,0.408,0.815
14.8,3.9,9.0,0.9,0.9,2.6,28.9,0.3,10.7,3.8,0.553,0.715
21.1,5.0,9.3,0.7,1.2,2.6,32.5,0.5,15.6,5.6,0.537,0.693
3.4,0.5,4.7,0.5,0.3,0.5,15.6,0.0,2.1,0.3,0.776,0.75
2.0,0.6,3.3,0.4,0.2,0.4,13.0,0.0,1.2,0.5,0.691,0.667
16.6,6.2,7.9,0.4,0.8,2.8,31.1,1.0,14.7,1.9,0.482,0.731
12.3,4.8,6.4,0.6,0.7,2.1,25.1,1.0,10.6,1.6,0.475,0.806
9.0,1.3,4.8,0.6,0.6,0.8,21.8,1.2,6.8,1.9,0.47,0.75
10.7,2.3,5.8,0.9,0.7,1.1,26.5,1.7,9.3,1.4,0.435,0.621
9.9,2.9,3.0,0.5,1.3,1.8,23.5,1.2,8.4,2.2,0.419,0.723
12.6,2.7,3.1,0.6,1.4,1.8,27.0,2.0,9.5,2.1,0.471,0.756
19.9,6.0,6.2,0.6,0.8,3.3,33.3,1.4,18.7,3.6,0.415,0.837
22.7,7.5,4.3,0.4,0.9,3.4,33.5,1.9,18.8,4.4,0.449,0.869
16.2,2.8,9.0,1.5,0.8,1.8,34.4,0.3,12.0,3.8,0.554,0.674
15.7,3.2,9.4,1.4,0.9,1.8,30.6,0.4,11.0,3.4,0.58,0.719
6.8,1.1,3.0,0.2,0.6,0.8,18.5,0.7,5.2,1.0,0.512,0.831
6.9,1.1,2.4,0.2,0.7,0.7,15.7,0.8,4.8,0.9,0.562,0.789
2.3,0.6,1.0,0.0,0.2,0.2,7.2,0.3,2.4,0.1,0.417,0.0
4.6,1.2,1.5,0.4,0.4,0.6,9.0,0.5,4.2,0.8,0.423,0.708
10.3,2.4,3.3,0.4,0.6,1.4,19.4,1.1,9.3,2.2,0.404,0.783
9.0,3.0,2.3,0.2,1.1,1.3,21.5,1.4,8.0,1.3,0.411,0.813
7.1,2.1,2.3,0.3,1.1,0.7,18.4,1.4,6.2,0.9,0.412,0.673
3.2,0.5,1.2,0.1,0.2,0.3,7.4,0.3,2.9,0.5,0.446,0.652
2.9,0.3,1.5,0.2,0.1,0.3,8.5,0.2,2.4,0.4,0.52,0.545
1.5,0.3,1.2,0.1,0.2,0.2,6.1,0.1,1.3,0.2,0.513,0.8
6.5,2.7,4.4,0.3,0.8,1.0,18.5,0.7,6.7,1.0,0.369,0.746
6.2,1.6,2.6,0.4,1.5,1.2,19.2,1.1,4.4,0.9,0.508,0.75
4.4,0.6,2.1,0.1,0.3,0.6,12.7,0.6,3.5,0.6,0.488,0.679
5.8,2.7,3.9,0.4,1.4,1.0,22.3,0.7,5.1,0.9,0.447,0.642
7.3,1.5,1.8,0.1,0.3,0.8,13.6,1.1,6.6,1.0,0.407,0.776
15.4,3.8,3.4,0.5,0.7,2.5,28.8,1.6,12.6,3.9,0.429,0.749
22.6,5.4,6.9,0.6,0.9,3.1,35.0,1.5,17.6,7.0,0.455,0.725
13.7,1.6,8.1,0.8,0.7,1.2,31.9,1.8,11.0,2.4,0.454,0.811
14.5,2.0,4.0,0.2,0.6,1.6,26.1,1.4,11.2,3.8,0.446,0.821
3.0,0.6,1.4,0.2,0.4,0.3,12.3,0.3,3.1,0.5,0.403,0.583
15.2,1.7,5.5,0.8,1.0,0.8,33.6,2.4,12.7,1.6,0.454,0.831
15.9,2.9,5.0,0.4,0.9,2.3,33.1,1.9,13.6,3.7,0.406,0.824
1.3,0.5,0.5,0.0,0.3,0.2,5.1,0.2,1.8,0.0,0.3,0.0
9.2,2.1,2.0,0.1,0.4,1.2,21.3,1.2,8.4,0.8,0.432,0.873
4.4,2.7,1.5,0.1,0.5,0.9,14.4,0.2,3.5,1.3,0.474,0.667
13.8,2.4,11.6,0.8,0.5,2.1,29.1,0.0,9.2,3.0,0.619,0.79
9.8,1.2,7.0,0.9,1.4,0.9,21.8,0.8,8.6,1.5,0.466,0.636
7.7,2.0,4.2,0.3,0.5,0.9,19.5,1.4,6.1,1.0,0.452,0.702
4.2,0.9,2.1,0.3,0.3,0.5,14.1,0.6,3.6,0.7,0.427,0.783
12.7,1.2,9.7,1.1,0.8,0.9,26.8,0.0,7.9,3.4,0.649,0.719
11.6,3.4,6.4,0.5,0.8,1.9,29.6,0.9,10.5,1.9,0.438,0.771
0.7,0.2,0.5,0.0,0.2,0.2,3.0,0.0,0.7,0.0,0.5,0.0
19.1,4.5,4.0,0.6,1.1,1.7,31.3,1.5,14.0,3.1,0.54,0.814
2.8,0.9,2.3,0.2,0.2,0.5,8.4,0.2,2.0,0.7,0.5,0.76
4.4,0.8,3.2,0.4,0.5,0.5,13.0,0.8,4.1,0.7,0.381,0.679
8.1,0.9,7.5,2.4,0.5,1.0,23.3,0.1,5.5,1.5,0.654,0.602
4.0,1.6,3.4,0.4,0.4,0.5,13.0,0.8,3.3,0.6,0.417,0.805
2.1,0.8,0.8,0.1,0.3,0.8,5.8,0.3,2.1,0.4,0.353,0.714
5.1,0.9,1.7,0.2,0.4,0.5,14.9,0.6,3.9,1.4,0.439,0.776
7.3,1.6,3.7,0.4,0.5,0.7,20.2,0.8,5.9,1.6,0.46,0.694
2.4,0.4,2.5,0.4,0.2,0.3,9.2,0.0,1.8,0.4,0.606,0.714
8.9,1.0,7.1,0.3,0.6,0.9,23.6,0.6,7.1,2.4,0.46,0.754
3.4,1.1,1.0,0.2,0.8,0.6,6.0,0.2,2.1,1.3,0.519,0.765
5.4,1.5,2.2,0.5,0.9,0.6,17.2,1.2,4.1,0.6,0.461,0.743
1.6,0.3,0.5,0.2,0.2,0.1,2.9,0.1,1.1,0.4,0.472,0.857
4.0,1.1,1.5,0.2,0.2,0.6,11.1,0.6,3.5,0.5,0.422,0.875
4.9,0.8,1.9,0.8,0.2,0.4,14.4,0.7,3.9,0.5,0.5,0.625
3.1,1.4,1.9,0.3,0.5,0.5,11.5,0.3,2.7,0.7,0.439,0.581
6.7,1.1,3.2,1.1,0.5,0.7,18.6,0.6,5.6,1.3,0.465,0.67
8.7,2.0,3.7,0.2,0.6,1.2,21.9,1.7,7.8,1.0,0.406,0.793
4.3,0.5,1.4,0.1,0.3,0.3,13.8,1.2,3.5,0.4,0.388,0.808
2.6,0.4,2.2,0.1,0.5,0.2,5.8,0.0,1.7,1.3,0.526,0.643
10.8,1.7,3.7,0.3,0.8,1.3,23.0,1.5,8.7,3.1,0.389,0.826
6.5,1.2,3.2,0.2,0.4,0.9,18.1,0.7,6.3,1.0,0.403,0.691
4.4,1.1,3.4,0.4,0.4,0.3,12.7,0.1,3.4,1.3,0.496,0.69
10.0,3.4,5.6,0.7,0.9,1.8,27.6,1.5,7.3,2.5,0.446,0.8
4.5,0.5,1.1,0.1,0.2,0.2,11.0,1.2,3.5,0.3,0.423,0.895
3.7,0.4,1.4,0.2,0.4,0.3,10.0,0.4,3.0,0.9,0.43,0.783
10.5,1.5,3.7,0.3,0.7,1.0,24.9,2.0,8.3,1.0,0.46,0.818
