feature,importance
FG3A,0.09216828193783275
THREE_PT_VOLUME,0.08879770584145232
FG3M,0.07580850802976709
ADV_PCT_PTS_3PT,0.051545509233794404
ADV_PCT_FGA_2PT,0.04089030062137345
ADV_PCT_PTS_2PT,0.04050470256105746
THREE_PT_RATE,0.03866667227583204
PTS_PACE_ADJ,0.031249550114008644
ADV_PCT_FGA_3PT,0.030651291043506827
PTS,0.028493726304416413
ADV_OREB_PCT,0.02780142826415547
FG3_PCT,0.023225119468069204
FGA,0.02311269237804313
FGM,0.021834396355574753
FG_PCT,0.020457445198214408
USAGE_MINUTES_PRODUCT,0.01831860451514418
FG3M_LAG1,0.01491135969818213
MPG,0.01483815902609135
FG3A_LAG1,0.01474742718583311
FGA_PER_MIN,0.012888846673349686
MIN,0.011222144601087083
SCORER_ROLE,0.010841631803189818
FT_PCT,0.010733960616754586
ADV_REB_PCT,0.009714836323147609
PTS_PER_MIN,0.009343845047695693
PACE_USAGE_INTERACTION,0.009088478076022808
MIN_EFFICIENCY_INTERACTION,0.008749438334733305
AGE_MINUTES_RISK,0.00792402517388705
ADV_USG_PCT,0.006614331921182001
WEIGHT,0.005932180492243053
AGE_USAGE_INTERACTION,0.005667095627440063
AST_PACE_ADJ,0.0055966465931329605
USAGE_RATE,0.0053259635846992235
TOTAL_MINUTES,0.005158333614791903
FG_PCT_LAG1,0.004956659017126133
FTM,0.004863448150367772
IS_CENTER,0.004563760201357893
ADV_OFF_RATING,0.004552189137222902
ADV_USG_PCT_LAG1,0.003957252470117637
FGA_LAG1,0.003937998975694462
PTS_LAG1,0.003824265866836208
EXP_MIN_INTERACTION,0.0036485645895920973
HEIGHT_INCHES,0.0034852757117511918
LOW_WORKLOAD,0.003205224283266383
REB,0.0031599107173342
IS_GUARD,0.0031366223252812485
PTS_PER_ATTEMPT,0.003100743547131619
ADV_DREB_PCT,0.0030474193465629905
AST,0.0030108774269751357
ADV_TS_PCT,0.002998367947852436
ADV_EFG_PCT,0.0029401739713152035
ADV_PIE,0.002893287075785056
FGM_LAG1,0.0028774026361815413
SHOOTING_EFFICIENCY,0.0028057063047979714
ADV_NET_RATING,0.0027821700246608663
REB_PACE_ADJ,0.0027694190580551
FG3M_AVG2,0.0026851242363646792
AST_TO_RATIO,0.0025049820058153263
FT_PCT_LAG1,0.0024786705686160627
MEDIUM_WORKLOAD,0.002303553442389683
WEIGHT_CAT,0.0021960537217455317
ADV_TM_TOV_PCT,0.002091351255820146
GP_RATE_CURRENT,0.0020215087655037303
GP_RATE,0.0020011520077145247
HEIGHT_CAT,0.001961869504773521
GAMES_MISSED,0.0019419938208135028
BLK,0.0018718530915507905
ADV_REB_PCT_LAG1,0.0018481165624432356
FTA,0.0018166555011317233
TEAM_TS_PCT,0.001768555780659659
GP,0.0017361437918275615
ADV_AST_RATIO,0.001713872066621448
TEAM_NET_RATING,0.001693268076896961
TEAM_TM_TOV_PCT,0.001687001607622483
BMI,0.0016104213623957212
ADV_AST_TO,0.0015826725953909436
FG3M_LAG2,0.0015783379853061357
HEAVY_MINUTES_LOAD,0.001576778719858521
AGE_TEAM_QUALITY,0.0015480419977052012
TOV,0.001519909244635074
DEFENSIVE_STATS,0.0015027424585219089
TEAM_DEF_STRENGTH,0.0014914151520585893
TEAM_PIE,0.0014825882497287476
DRAFT_NUMBER,0.001459067421139799
TEAM_OFF_STRENGTH,0.0014581245896899617
TEAM_L,0.0014468356265956014
ADV_PACE,0.0013925857372151242
TEAM_OFF_RATING,0.0013172657477646935
ADV_DEF_RATING,0.001312441179932761
TEAM_W_PCT,0.0013070164744278746
MIN_LAG1,0.0013058576976269392
ADV_AST_PCT,0.0013032426091731072
TEAM_DEF_RATING,0.001294468434494308
TEAM_FTA_RATE,0.0012387517557575932
TEAM_EFG_PCT,0.0011987967705365064
TEAM_PACE,0.001178057655950965
AGE_SQUARED,0.001083532359916164
AGE,0.0010810856610452661
TEAM_W,0.0010782110532397025
ADV_TS_PCT_LAG1,0.0010730804779476102
PACE_ADJUSTMENT,0.0010675334289922814
TEAM_OREB_PCT,0.0010386686459926313
FG3A_LAG2,0.0010258939116432966
AGE_INJURY_RISK,0.001021426000027524
FTA_LAG1,0.0010124250442613396
TEAM_NET_RATING_ABS,0.001011509950764675
POS_Center,0.000994514918564349
YEARS_EXPERIENCE,0.0009905710762453002
STL,0.0008569381239293421
ADV_PIE_LAG1,0.0008500694485032954
FGA_AVG2,0.0007878468818926798
ADV_AST_PCT_LAG1,0.0007446107555396801
FTM_LAG1,0.0006908406510597
REB_LAG1,0.0006542578403774431
TOV_LAG1,0.00059269310116358
PLAYMAKER_ROLE,0.0005448877175554993
REBOUNDER_ROLE,0.0005128512424477067
STL_LAG1,0.0005111050828421568
BLK_LAG1,0.000510761058361165
POS_Guard,0.0004996565853216565
AST_LAG1,0.0004480118445073264
WORKLOAD_LAG1,0.00044474607327257745
FG_PCT_LAG2,0.00043889305770690386
GP_LAG1,0.00041863030977129745
MISSED_GAMES_LAG1,0.000416815830354066
PTS_LAG2,0.00041262784808720375
AGE_BIN,0.00039793500192714896
REB_LAG2,0.0003770520784321115
GP_LAG1_RATE,0.00036554498803795276
PTS_STD3,0.0003573787129878193
ADV_REB_PCT_LAG2,0.0003451415363413245
FGA_LAG2,0.000344448353292412
FT_PCT_LAG2,0.00033503728513439895
PTS_AVG2,0.0003101516265820472
TOV_LAG2,0.0002887157224671668
MIN_YOY_CHANGE,0.00027825132631524395
DEFENDER_ROLE,0.000267620830222902
LOW_AVAILABILITY,0.0002499100189972757
ON_PLAYOFF_TEAM,0.0002386274648485122
ON_WINNING_TEAM,0.000232697346544464
MEDIUM_AVAILABILITY,0.00022659490212511023
MIN_CHANGE,0.0002126567364017465
IS_VETERAN,0.0002092523118577661
FTM_LAG2,0.00019716148167498194
FTA_LAG2,0.0001853354672305645
WORKLOAD_LAG2,0.00018328740877296943
IS_FORWARD,0.0001805544224177399
DRAFT_ROUND,0.00017519013972119025
ADV_TS_PCT_LAG2,0.00017143787646369194
ADV_TS_PCT_YOY_CHANGE,0.0001650667682620238
STL_AVG2,0.0001649428215181695
MIN_CV3,0.00016207135820926866
AST_LAG2,0.00015467886056551075
AST_YOY_CHANGE,0.0001536184501270399
ADV_PIE_LAG2,0.00015215459708480707
AST_AVG2,0.0001458315660976871
HISTORICAL_SEASONS_AVAILABLE,0.0001456544121423638
HIGH_AVAILABILITY,0.00014360780177671175
GP_STD3,0.00013144840312148508
TOV_AVG2,0.00012606616302303296
ADV_USG_PCT_LAG2,0.00012474760889465787
BLK_AVG2,0.0001241506741313072
IS_YOUNG,0.00012397876511782637
MIN_AVG2,0.00012230700993661224
PTS_YOY_CHANGE,0.00012225918303198266
MISSED_GAMES_LAG2,0.00011722801699780183
IS_ROOKIE,0.00011500898403152064
REB_YOY_CHANGE,0.00010743876026892058
POS_Forward,0.00010588828239756373
GP_LAG2,0.0001038045940161442
FGM_LAG2,0.00010317232882457908
GP_CONSISTENCY,0.00010266408984623514
REB_AVG2,9.988378286490179e-05
WORKLOAD_TREND,9.59209719612612e-05
RECOVERING_FROM_LOW_PLAY,9.223759485452511e-05
GP_LAG2_RATE,9.001013211005894e-05
GP_CV3,8.795958281510297e-05
FTA_AVG2,8.784133188567237e-05
ADV_AST_PCT_LAG2,8.522462429173087e-05
GP_AVG_2YR,8.45034340016782e-05
MIN_LAG2,7.237836193878036e-05
MIN_STD3,6.589677660107539e-05
IN_PRIME,4.8029686853114556e-05
FG_PCT_YOY_CHANGE,4.726296672092056e-05
POS_Guard-Forward,4.6935185681525904e-05
GP_TREND,4.365944375767208e-05
INJURY_PRONE_PATTERN,3.38556820970412e-05
INCREASING_WORKLOAD,3.065752430115276e-05
PTS_CV3,2.9077085064105495e-05
HIGHLY_CONSISTENT_AVAILABILITY,2.520302454697198e-05
HIGH_WORKLOAD,2.1884132552370582e-05
GP_IMPROVING,1.9098217727923834e-05
STL_LAG2,1.888262044540935e-05
BLK_LAG2,1.5022458545833536e-05
POS_Center-Forward,1.4620695903763982e-05
INCREASED_MINUTES,1.2963567735685486e-05
ADV_TS_PCT_LAG3,0.0
ADV_REB_PCT_LAG3,0.0
ADV_AST_PCT_LAG3,0.0
AVAILABILITY_SCORE,0.0
FTM_LAG3,0.0
LOAD_MANAGEMENT,0.0
REDUCED_MINUTES,0.0
RECOVERY_YEAR,0.0
ADV_USG_PCT_LAG3,0.0
GP_LAG3,0.0
FG3A_LAG3,0.0
PTS_WAVG,0.0
ADV_PIE_LAG3,0.0
BLK_WAVG,0.0
BLK_AVG3,0.0
STL_WAVG,0.0
STL_AVG3,0.0
REB_AVG3,0.0
TOV_AVG3,0.0
MIN_AVG3,0.0
MIN_WAVG,0.0
FG3M_WAVG,0.0
FG3M_AVG3,0.0
TOV_WAVG,0.0
FGA_AVG3,0.0
FGA_WAVG,0.0
FTA_AVG3,0.0
FTA_WAVG,0.0
PTS_TREND,0.0
FT_PCT_LAG3,0.0
FG_PCT_LAG3,0.0
FGA_LAG3,0.0
FTA_LAG3,0.0
IS_YOUNG_PLAYER,0.0
MIN_TREND,0.0
AST_TREND,0.0
ADV_TS_PCT_TREND,0.0
FG_PCT_TREND,0.0
REB_TREND,0.0
REB_WAVG,0.0
AST_AVG3,0.0
AST_WAVG,0.0
PTS_AVG3,0.0
FGM_LAG3,0.0
BLK_LAG3,0.0
PTS_LAG3,0.0
POS_Forward-Guard,0.0
POS_Forward-Center,0.0
MIN_LAG3,0.0
TOV_LAG3,0.0
FG3M_LAG3,0.0
STL_LAG3,0.0
AST_LAG3,0.0
REB_LAG3,0.0
GP_DECLINING,0.0
GP_LAG3_RATE,0.0
MISSED_GAMES_LAG3,0.0
GP_AVG_3YR,0.0
VETERAN_INJURY_RISK,0.0
MAJOR_GP_DROP,0.0
AVAILABILITY_TIER,0.0
